SM_SYMBOL_NAME,SEM_SMST_SECURITY_ID
GOLDSTAR POWER LIMITED,1
AMARA RAJA ENERGY MOB LTD,100
SKM EGG PROD-ROLL SETT,10056
EMAMI PAPER MILLS LIMITED,10074
FACT LTD,1008
GODREJ CONSUMER PRODUCTS,10099
SCHAEFFLER INDIA LIMITED,1011
ORICON ENTERPRISES LTD,10159
BALKRISHNA PAPER MILLS L,10181
SHYAM CENTURY FERROUS LTD,10188
ADANI ENERGY SOLUTION LTD,10217
MANORAMA INDUSTRIES LTD,10227
FEDERAL BANK LTD,1023
CONFIDENCE PETRO IND LTD.,10238
SYNGENE INTERNATIONAL LTD,10243
EMKAY TAP & CUT. TOOL LTD,10253
NGL FINE CHEM LIMITED,10277
KAYA LIMITED,10282
AYM SYNTEX LIMITED,10285
KCK INDUSTRIES LTD,10293
PRAKASH PIPES LIMITED,10297
AARON INDUSTRIES LIMITED,1030
RAMA STEEL TUBES LIMITED,10300
AURUM PROPTECH LIMITED,10310
THE P K TEA PROD CO LTD,10318
SKP BEARING INDUSTRI. LTD,10325
RADHIKA JEWELTECH LIMITED,10343
CSL FINANCE LIMITED,10350
DIGICONTENT LIMITED,10358
FINOLEX CABLES LTD,1038
JAIN IRRIGATION SYSTEMS,10397
SHARE IND. SECURITIES LTD,104
STEEL CITY SECURITIES LTD,10406
KSHITIJ POLYLINE LIMITED,10407
FINOLEX INDUSTRIES LTD,1041
MUTHOOT CAP SERV LTD,10415
DYNAMIC CABLES LIMITED,10417
LUPIN LIMITED,10440
UNITED SPIRITS LIMITED,10447
SATIN CREDIT NET LTD,10453
ARVIND SMARTSPACES LTD,10457
POWER MECH PROJECTS LTD.,10473
RAM RATNA WIRES LIMITED,10485
AGNI GREEN POWER LTD,10498
UFLEX LIMITED,1053
SHARDA MOTOR INDS LTD,10530
NAVKAR CORPORATION LTD.,10557
RAMA PHOSPHATES LIMITED,10571
KRBL LIMITED,10577
MPS LIMITED,10578
MARKSANS PHARMA LIMITED,10579
TRANSPORT CORPN OF INDIA,10580
SHRE PUSH CHEM & FERT LTD,10588
GUJARAT GAS LIMITED,10599
BHARTI AIRTEL LIMITED,10604
LOYAL TEXTILE MILLS LTD,10605
UPSURGE SEEDS OF AGRI LTD,10617
SADBHAV INFRA PROJ LTD.,10622
AUTOMOTIVE STAMPINGS & AS,10634
OLECTRA GREENTECH LIMITED,10637
PONNIE SUGARS (ERODE) LTD,10661
PUNJAB NATIONAL BANK,10666
SHAIVAL REALITY LIMITED,10684
SURANA TELECOM AND POW LT,10700
VEEKAYEM FASH & APP LTD,10710
INDIAMART INTERMESH LTD,10726
FOSECO INDIA LTD,1073
SPORTKING INDIA LIMITED,10733
ORACLE FIN SERV SOFT LTD.,10738
UNION BANK OF INDIA,10753
APTECH LIMITED,10755
ZENSAR TECHNOLOGIES  LTD,1076
ORIENTAL AROMATICS LTD,10768
AHIMSA INDUSTRIES LTD.,10770
NUCLEUS SOFTWARE EXPORTS,10791
SYRMA SGS TECHNOLOGY LTD,10793
CANARA BANK,10794
SEYA INDUSTRIES LIMITED,10836
GABRIEL INDIA LTD,1085
DREAMFOLKS SERVICES LTD,10862
GVP INFOTECH LIMITED,10865
GRM OVERSEAS LIMITED,10871
JFL LIFE SCIENCES LIMITED,10885
JAY JALARAM TECHNO LTD,10889
DHAMPUR BIO ORGANICS LTD,10893
AMEYA PRECISION ENG LTD,10898
GENESYS INTL CORPN LTD,10905
GODREJ INDUSTRIES LTD,10925
RADAAN MEDIAWORKS (I) LTD,10932
DIVI S LABORATORIES LTD,10940
TAMILNAD MERCA BANK LTD,10945
THE STATE TRADING CORPN,10948
VIVIANA POWER TECH LTD,10967
MEGA FLEX PLASTICS LTD,10971
SABAR FLEX INDIA LIMITED,10985
RADICO KHAITAN LTD,10990
INDO RAMA SYNTHETICS LTD,10993
TAPI FRUIT PROCESSING LTD,10994
ISHAN INTERNATIONAL LTD,10995
MARUTI SUZUKI INDIA LTD.,10999
GARWARE TECH FIBRES LTD,1100
INFOBEANS TECHNO. LTD.,11027
SANGINITA CHEMICALS LTD,11032
DCM NOUVELLE LIMITED,11039
SATIA INDUSTRIES LIMITED,11045
SIRCA PAINT INDIA LIMITED,11050
SECUREKLOUD TECH LIMITED,11058
KSOLVES INDIA LIMITED,11060
NATH BIO-GENES (I) LTD,11069
AGRI-TECH (INDIA) LIMITED,11072
LIBAS CONSU PRODUCTS LTD,11082
DANGEE DUMS LIMITED,1110
SUMIT WOODS LIMITED,11140
SHRENIK LIMITED,11149
CREATIVE NEWTECH LIMITED,11155
HARSHA ENGINEERS INT LTD,11162
COFFEE DAY ENTERPRISE LTD,11169
IDFC FIRST BANK LIMITED,11184
INTERGLOBE AVIATION LTD,11195
ANNAPURNA SWADISHT LTD,11198
KANDARP DG SMART BPO LTD,11211
S H KELKAR AND CO. LTD.,11212
NOIDA TOLL BRIDGE CO LTD,11214
TEAM INDIA GUARANTY LTD,11217
MAKS ENERGY SOL INDIA LTD,11218
VARDHAMAN ACRYLICS LTD,11220
UCO BANK,11223
B.A.G FILMS AND MEDIA LTD,11226
SUVEN LIFE SCIENCES LTD,11233
JINDAL STAINLESS LIMITED,11236
NALWA SONS INVESTMENT LTD,11239
WELSPUN LIVING LIMITED,11253
JAI BALAJI INDUSTRIES LTD,11256
INDRAPRASTHA GAS LTD,11262
TVS ELECTRONICS LTD,11265
GHCL LIMITED,1127
DREDGING CORP OF INDIA,11271
TV TODAY NETWORK LTD,11275
UPL LIMITED,11287
G-TEC JAINX EDUCATION LTD,1129
UNIPHOS ENTERPRISES LTD,11293
STANDARD INDUSTRIES LTD.,11297
LUX INDUSTRIES LIMITED,11301
BALAXI PHARMA LTD,11309
MUKAND LTD.,11325
APOLLO MICRO SYSTEMS LTD,1134
AFFLE 3I LIMITED,11343
PETRONET LNG LIMITED,11351
PTC INDIA LIMITED,11355
DHANLAXMI BANK LIMITED,11359
VAIBHAV GLOBAL LIMITED,11364
TTK HEALTHCARE LIMITED,11369
BIOCON LIMITED.,11373
TIPS FILMS LIMITED,11374
BANK OF MAHARASHTRA,11377
GIC HOUSING FINANCE LTD,1139
ZOTA HEALTH CARE LIMITED,11394
SALZER ELECTRONICS LTD,11399
POONAWALLA FINCORP LTD,11403
XPRO INDIA LIMITED,11407
RAMKRISHNA FORGINGS LTD,11411
DATAMATICS GLOBAL SER LTD,11423
NDTV LTD,11427
KRITI NUTRIENTS LIMITED,11432
SPANDANA SPHOORTY FIN LTD,11435
PILANI INV & IND COR LTD,11445
CYBER MEDIA RES & SER LTD,11447
GUJ IND POW CO. LTD,1145
CCL PRODUCTS (I) LTD,11452
QMS MEDICAL ALLIED S LTD,11467
EXCEL INDUSTRIES LTD,11471
LLOYDS LUXURIES LIMITED,11472
LARSEN & TOUBRO LTD.,11483
KRIDHAN INFRA LIMITED,11488
APAR INDUSTRIES LTD.,11491
SWASTIK PIPE LIMITED,11492
AMBICA AGAR & AROMAINDLTD,11496
FROG CELLSAT LIMITED,11501
CENTURY EXTRUSIONS LTD,11511
NIIT LIMITED,11522
GLAXOSMITHKLINE PHARMA LT,1153
ELECTRONICS MART IND LTD,11530
ULTRATECH CEMENT LIMITED,11532
TATA CONSULTANCY SERV LT,11536
COFORGE LIMITED,11543
TEXMACO INFRA & HOLDG LTD,11549
GUJARAT LEASE FINANCING L,1156
DC INFOTECH AND COMUN LTD,11566
PIRAMAL PHARMA LIMITED,11571
FORCE MOTORS LIMITED,11573
WESTLIFE FOODWORLD LTD,11580
GP PETROLEUMS LIMITED,11581
TRACXN TECHNOLOGIES LTD,11582
LINCOLN PHARMA LTD,11596
GUFIC BIOSCIENCES LTD.,11606
PHANTOM DIGITAL EFF LTD,11616
ASTRA MICROWAVE LTD,11618
GOLDEN TOBACCO LIMITED,11619
GTL LTD,1162
WELSPUN ENTERPRISES LTD.,11626
NARMADA AGROBASE LIMITED,11627
NTPC LTD,11630
S.A.L. STEEL LTD.,11637
NEWGEN SOFTWARE TECH LTD,1164
BOHRA INDUSTRIES LIMITED,11640
KOTHARI SUG & CHEM LTD.,11647
DR. LAL PATH LABS LTD.,11654
JBM AUTO LIMITED,11655
DWARIKESH SUGAR IND LTD,11667
INDOCO REMEDIES LTD.,11677
G M BREWERIES LTD,1168
SUPRAJIT ENGINEERING LTD,11689
PATEL ENGINEERING LTD.,11699
OMFURN INDIA LIMITED,117
ALKEM LABORATORIES LTD.,11703
XCHANGING SOLUTIONS LTD,11705
JSW STEEL LIMITED,11723
CONSO. FIN. & HOLD. LTD.,11731
GUJ NAR VAL FER & CHEM L,1174
JINDAL PHOTO LIMITED,11743
JAIPRAKASH POWER VEN. LTD,11763
GOKALDAS EXPORTS LTD.,11778
ACE INTEGRATED SOLU. LTD.,11779
EVEREADY INDS. IND.  LTD.,11782
GOYAL ALUMINIUMS LIMITED,11787
SAKSOFT LIMITED,11794
HINDPRAKASH INDUSTRY LTD,11796
ALLDIGI TECH LIMITED,11798
SUKHJIT STARCH & CHEM LTD,11804
IIFL FINANCE LIMITED,11809
GODFREY PHILLIPS INDIA LT,1181
SHOPPERS STOP LIMITED,11813
MANGALAM DRUG & CHEM LTD,11817
WELSPUN CORP LIMITED,11821
STEEL STRIPS WHEELS LTD.,11829
NARAYANA HRUDAYALAYA LTD.,11840
CYBER MEDIA (INDIA) LTD.,11845
AMBER ENTERPRISES (I) LTD,1185
SURYALAKSHMI COT MIL LTD,11852
SHAH ALLOYS LIMITED,11856
GLAND PHARMA LIMITED,1186
JK PAPER LIMITED,11860
PRIME SECURITIES LIMITED,11864
63 MOONS TECHNOLOGIES LTD,11868
GRANULES INDIA LIMITED,11872
JSW HOLDINGS LIMITED,11880
MAN INDUSTRIES (I) LTD.,11884
VARDHMAN HOLDINGS LIMITED,11892
DCX SYSTEMS LIMITED,11895
GEOJIT FINANCIAL SER L,11896
FEDERAL-MOGUL GOETZE (IND,1190
INTEGRATED PERSO SER LTD,11903
GENUS POWER INFRASTRU LTD,11905
SWELECT ENERGY SYS LTD,11909
RITE ZONE CHEMCON IND LTD,11910
YES BANK LIMITED,11915
MSP STEEL & POWER LTD.,11919
VITAL CHEMTECH LIMITED,11920
NECTAR LIFESCIENCES LTD.,11930
FUSION FINANCE LIMITED,11932
SPL INDUSTRIES LIMITED,11935
AMIABLE LOGISTICS (I) LTD,11939
MCLEOD RUSSEL INDIA LTD.,11943
GLOBAL HEALTH LIMITED,11956
KANSAI NEROLAC PAINTS LTD,1196
SEMAC CONSTRUCTION LTD,11964
BIKAJI FOODS INTERN LTD,11966
GOLDIAM INTERNATIONAL LTD,11971
RANE (MADRAS) LIMITED,11975
HT MEDIA LIMITED,11982
SASKEN TECHNOLOGIES LTD,11983
INDO COUNT INDUSTRIES LTD,11987
SYNCOM FORMU (I) LTD,11992
FCS SOFTWARE SOLN. LTD.,11999
FAZE THREE LIMITED,12000
IND MOTOR PART & ACC LTD,12009
AEROFLEX ENTERPRISES LTD,12015
SUZLON ENERGY LIMITED,12018
AURIONPRO SOLN LTD,12022
ARCHEAN CHEMICAL IND LTD,12024
SHREE RENUKA SUGARS LTD,12026
FIVE-STAR BUS FIN LTD,12032
BANNARI AM SPIN MILL LTD.,12034
SHEETAL COOL PRODUCTS LTD,12072
KAYNES TECHNOLOGY IND LTD,12092
DOLAT ALGOTECH LIMITED,12124
DELTA MANUFACTURING LTD,1214
B&B TRIPLEWALL CONT LTD,12153
PRAXIS HOME RETAIL LTD,1216
HINDUSTAN FOODS LIMITED,12173
INOX GREEN ENERGY SER LTD,12188
KEYSTONE REALTORS LIMITED,12219
SOLEX ENERGY LIMITED,1231
GRASIM INDUSTRIES LTD,1232
GREAVES COTTON LTD.,1235
ZIM LABORATORIES LIMITED,12384
GUJ STATE FERT & CHEM LTD,1247
STRLNG & WIL REN ENE LTD,12489
VINNY OVERSEAS LIMITED,12490
CASTROL INDIA LIMITED,1250
AAA TECHNOLOGIES LIMITED,12533
PRECISION CAMSHAFTS LTD.,12603
OSIA HYPER RETAIL LIMITED,12643
GUJARAT ALKALIES & CHEM,1267
MADHYA BHARAT AGRO P. LTD,12686
AMBUJA CEMENTS LTD,1270
TEAMLEASE SERVICES LTD.,12716
VASA RETAIL & OVERSEA LTD,1274
DJ MEDIAPRINT & LOG LTD,12749
ROUTE MOBILE LIMITED,128
HYBRID FINANCIAL SERVICE,12809
KRISHANA PHOSCHEM LIMITED,12847
GFL LIMITED,1289
SARVESHWAR FOODS LIMITED,12913
PRITIKA ENG COMPO LTD,12971
BAHETI RECYCLING IND LTD,12989
ABB INDIA LIMITED,13
DHARMAJ CROP GUARD LTD,13001
SAFARI IND (INDIA) LTD,13035
UNIPARTS INDIA LIMITED,13057
360 ONE WAM LIMITED,13061
IIFL CAPITAL SERVICES LTD,13072
TRIVENI ENGG. & INDS. LTD,13081
AIA ENGINEERING LIMITED,13086
EVEREST KANTO CYLINDERLTD,13091
ARHAM TECHNOLOGIES LTD,13092
VIMTA LABS LIMITED,13101
NAHAR INDS ENT LTD,13106
ORIENT CERATECH LIMITED,13111
QUICK HEAL TECH LTD,13116
KERNEX MICROSYS(I) LTD,13121
REPRO INDIA LIMITED,13126
HARRISON MALAYALAM LTD,1313
PVR INOX LIMITED,13147
GALAXY SURFACTANTS LTD,1315
CELEBRITY FASHIONS LTD,13162
NITIN SPINNERS LIMITED,13175
ROYAL ORCHID HOTELS LTD,13182
RELIANCE COMMUNICATIONS L,13188
ENTERTAIN NET. IND. LTD.,13192
GUJARAT STATE PETRO LTD,13197
ALL E TECHNOLOGIES LTD,13203
JAGRAN PRAKASHAN LIMITED,13211
SULA VINEYARDS LIMITED,13218
GVK POW. & INFRA LTD.,13229
SADBHAV ENGINEERING LTD,13236
SAKUMA EXPORTS LIMITED,13251
KEC INTL. LIMITED,13260
HCL INFOSYSTEMS LTD,1327
JK CEMENT LIMITED,13270
INDO TECH TRANSFORM LTD.,13275
LANDMARK CARS LIMITED,13276
MARINE ELECTRICAL (I) LTD,1328
M&M FIN. SERVICES LTD,13285
ABANS FINANCIAL SRVCS LTD,13288
B.L.KASHYAP & SON LTD,13290
VISA STEEL LIMITED,13295
NITCO LIMITED,13300
CENTURY PLYBOARDS (I) LTD,13305
INDIABULLS ENT LTD,13307
KEI INDUSTRIES LTD.,13310
ORTEL COMMUNICATIONS LTD,13321
DOLLEX AGROTECH LIMITED,13323
HDFC BANK LTD,1333
SOLAR INDUSTRIES (I) LTD,13332
GALLANTT ISPAT LIMITED,13337
ARIHANT ACADEMY LIMITED,13340
VAKRANGEE LIMITED,13342
UMA CONVERTER LIMITED,13349
MALU PAPER MILLS LIMITED,13352
KFIN TECHNOLOGIES LIMITED,13359
HEG LTD,1336
STL GLOBAL LIMITED,13367
UTTAM SUGAR MILLS LTD.,13376
SOM DIST & BREW LTD,1338
KEWAL KIRAN CLOTHING LTD,13381
BHAGERIA INDUSTRIES LTD,13400
SUN TV NETWORK LIMITED,13404
GODAWARI POW & ISP LTD,13409
R SYS INTERNATIONAL LTD,13414
SUPREME INFRA. LTD,13419
ELIN ELECTRONICS LIMITED,13423
EMKAY GLOBAL FIN SERV LTD,13424
KELLTON TECH SOL LTD,13430
LOKESH MACHINES LTD,13436
BAL PHARMA LTD.,13441
SHIV AUM STEELS LIMITED,13446
RATNAMANI MET & TUB LTD.,13451
KAMDHENU LIMITED,13457
PIONEER EMBROIDERIES LTD,13463
HERO MOTOCORP LIMITED,1348
JK LAKSHMI CEMENT LTD,13491
PRIME FOCUS LIMITED,13496
ALLCARGO LOGISTICS LTD,13501
MOXSH OVERSEAS EDUCON LTD,13502
AKASH INFRA-PROJECTS LTD,13510
MUNJAL AUTO IND. LTD.,13511
OMKAR SPL CHEM LTD,13515
EMAMI LIMITED,13517
NORTH EAST CARRY CORP LTD,13522
HOMESFY REALTY LIMITED,13526
GMR AIRPORTS LIMITED,13528
A AND M JUMBO BAGS LTD,1353
VIDHI SPCLTY F INGRDNTS L,13536
TECH MAHINDRA LIMITED,13538
AVONMORE CAP&MGT SERV LTD,13557
GRINDWELL NORTON LIMITED,13560
SHREE RAMA NEWSPRINT LTD,13565
RBM INFRACON LIMITED,13570
MANUGRAPH INDIA LIMITED,13575
VOLTAMP TRANSFORMERS LTD,13577
RADIANT CASH MGMT SER LTD,13580
ATLANTAA LIMITED,13585
ACTION CONST EQUIP LTD,13587
HANDSON GBL MNGMNT LTD,13595
ANTELOPUS SELAN ENRGY LTD,13598
ANDHRA SUGARS LTD,136
HIMATSINGKA SEIDE LTD,1360
INDIAN RAIL TOUR CORP LTD,13611
ANANT RAJ LIMITED,13620
BIL VYAPAR LIMITED,13625
HINDALCO  INDUSTRIES  LTD,1363
SKY GOLD AND DIAMONDS LTD,13631
JM FINANCIAL LIMITED,13637
ELECON ENG. CO. LTD,13643
TALBROS AUTO. COMP. LTD,13648
ALICON CASTALLOY LIMITED,13656
GEECEE VENTURES LIMITED,13658
ANLON TECHNOLOGY SOL LTD,13664
MADHUCON PROJECTS LTD.,13671
NUPUR RECYCLERS LIMITED,13675
ALLCARGO GATI LIMITED,13688
AEROFLEX NEU LIMITED,13689
INFOMEDIA PRESS LIMITED,13694
GOLDKART JEWELS LIMITED,13701
VISHWARAJ SUGAR IND LTD,13702
FIEM INDUSTRIES LIMITED,13710
HINDUSTAN COMPOSITES LTD.,1372
JHS SVEND. LAB. LTD,13720
DCB BANK LIMITED,13725
CHAMAN METALLICS LIMITED,13731
INSPIRISYS SOLUTIONS LTD,13734
GLOBAL VEC HELICORP LTD,13735
SHYAM TELECOM LIMITED,13740
GTL INFRA.LTD,13745
HINDUSTAN CONSTRUCTION CO,1375
GUJARAT FLUOROCHEM LTD,13750
INFO EDGE (I) LTD,13751
MANOMAY TEX INDIA LTD,13753
SHIVAM AUTO.LTD,13756
BHARAT BIJLEE LTD,13761
DUCOL ORGS AND COLOURS LT,13766
AARVEE DEN. & EXP. LTD,13775
THE GE SHPG.LTD,13776
TORRENT POWER LTD,13786
BAID FINSERV LIMITED,13794
PARSVNATH DEVELOPER LTD,13795
MANALI PETROCHEMICALS LT,13796
SUTLEJ TEXT & INDUS LTD,13801
GREENPANEL INDUSTRIES LTD,13810
FUTURE ENTERPRISES LTD,13812
KAMDHENU VENTURES LIMITED,13814
LT FOODS LIMITED,13816
RUCHIRA PAPERS LIMITED,13821
SOBHA LIMITED,13826
DONEAR IND. LIMITED,13839
MM FORGINGS LTD,13844
VENUS REMEDIES LIMITED,13859
AARTI PHARMALABS LIMITED,13868
KUANTUM PAPERS LIMITED,13870
JINDAL DRILLING IND. LTD,13875
BANCO PRODUCTS (I) LTD,13880
HIND RECTIFIER LIMITED,13890
CREST VENTURES LIMITED,13900
PLASTIBLENDS INDIA LTD,13920
NATIONAL FERT. LTD,13925
ARISTO BIO T AND LIFESC L,13926
HINDUSTAN UNILEVER LTD.,1394
PRAJAY ENG. SYN. LTD.,13945
PARAMOUNT COMM LTD,13951
HBL ENGINEERING LTD,13966
TANLA PLATFORMS LIMITED,13976
JASH ENGINEERING LIMITED,13982
ZEE MEDIA CORPORATION LTD,14003
AVT NATURAL PRODUCTS LTD,14008
LUMAX AUTO TECH LTD,14014
VEEDOL CORPORATION LTD,14019
HINDUSTAN OIL EXPLORATION,1403
SARLA PERF. FIBERS LTD,14043
GAYATRI RUBB AND CHEM LTD,14052
SANGHVI MOVERS LTD,14058
HINDUSTAN PETROLEUM CORP,1406
WANBURY LIMITED,14063
SAGAR CEMENTS LIMITED,14068
BARTRONICS INDIA LIMITED,14069
I G PETROCHEMICALS LTD,14086
SIYARAM SILK MILLS LTD,14096
PTL ENTERPRISES LTD,14101
AUTOLINE INDUSTRIES LTD,14106
NETWORK18 MEDIA & INV LTD,14111
GANDHI SPL. TUBES LTD,14116
AGI GREENPAC LIMITED,1412
OMAX AUTOS LTD,14125
PITTI ENGINEERING LIMITED,14134
SURATWWALA BUS GROUP LTD,14139
BODHI TREE MULTIMEDIA LTD,14150
UNO MINDA LIMITED,14154
GLOBAL EDUCATION LIMITED,1417
SHERA ENERGY LIMITED,14172
IZMO LIMITED,14178
NMDC STEEL LIMITED,14180
NINTEC SYSTEMS LIMITED,14194
TIMKEN INDIA LTD.,14198
HUBTOWN LIMITED,14203
LEAD REC AND RUB PROD LTD,14204
CAMBRIDGE TECH ENTER LTD,14218
TECHNOCRAFT IND LTD,14223
HINDUSTAN ZINC LIMITED,1424
TVS SRICHAKRA LIMITED,14245
REDINGTON LIMITED,14255
MOHINI HEALTH&HYGIENE LTD,1426
PEARL GLOBAL IND LIMITED,14260
AGARWAL FLOAT GLASS I LTD,14263
ORIENT BELL LIMITED,14278
SEQUENT SCIENTIFIC LTD.,14296
POWER FIN CORP LTD.,14299
FIRSTSOURCE SOLU. LTD.,14304
INDIAN BANK,14309
SHREEOSWAL S AND CHE LTD,14310
T T LIMITED,14314
TRANSWARRANTY FIN. LTD.,14319
VIAZ TYRES LIMITED,14325
SMS PHARMACEUTICALS LTD.,14329
HIMADRI SPECIALITY CHEM L,14334
GANESH HOUSING LIMITED,14339
ORIENTAL TRIMEX LTD,14346
APOLLO PIPES LIMITED,14361
VODAFONE IDEA LIMITED,14366
PONDY OXIDES & CHEM LTD,14385
AMD INDUSTRIES LIMITED,14398
GODREJ AGROVET LIMITED,144
RAJ TV NETWORK LTD,14403
SRIVASAVI ADHESIVE TAPE L,14411
PAGE INDUSTRIES LTD,14413
ASTRAL LIMITED,14418
SANOFI INDIA LIMITED,1442
LA OPALA RG LIMITED,14423
JK TYRE & INDUSTRIES LTD,14435
NAHAR SPINNING MILLS LTD.,14440
NAHAR POLY FILMS LIMITED,14445
EMBASSY DEVELOPMENTS LTD,14450
LEXUS GRANITO (INDIA) LTD,14459
DIVGI TORQTRANSFER SYST L,14479
HLV LIMITED,1448
GOKUL AGRO RESOURCES LTD,14480
THEMIS MEDICARE LTD.,14485
NCL INDUSTRIES LIMITED,14490
BALAJI AMINES LIMITED,14501
VERTEXPLUS TECHNOLOGIES L,14503
SYSTANGO TECHNOLOGIES LTD,14506
BANSWARA SYNTEX LIMITED,14511
ICRA LIMITED,14523
DISH TV INDIA LTD.,14537
BIRLANU LIMITED,1455
NDL VENTURES LIMITED,14550
THE PHOENIX MILLS LTD,14552
ARO GRANITE IND. LTD.,14557
ZENITH STEEL PIP IND LTD,14562
BF UTILITIES LIMITED,14567
MCON RASAYAN INDIA LTD,14574
SREE RAYALSEEMA HHP LTD.,14582
VELS FILM INTERNATIONAL L,14590
FORTIS HEALTHCARE LTD,14592
ALPHAGEO (INDIA) LIMITED,14597
GLOBAL SURFACES LIMITED,14599
WEBSOL ENERGY SYSTEM LTD,14602
TGB BANQUETS&HOTELS LTD,14607
QUALITY FOILS (INDIA) LTD,14613
SIMBHAOLI SUGARS LTD.,14616
CHEMBOND MATERIALTECH LTD,14618
HILTON METAL FORGING LTD,14627
FUTURE SUPP CHAIN SOL LTD,14628
ACCURACY SHIPPING LIMITED,1465
INSECTICIDES (I) LTD,14657
K M SUGAR MILLS LTD,14667
AKZO NOBEL INDIA LIMITED,1467
NAVIN FLUORINE INT. LTD,14672
GUJ. APOLLO IND. LTD.,14681
GOA CARBON LIMITED,14687
NAGREEKA EXPORTS LTD.,14702
TIME TECHNOPLAST LTD.,14707
HINDUJA GLOBAL SOLS. LTD.,14712
NIRMAN AGRI GENTICS LTD,14722
DLF LIMITED,14732
TECIL CHEMICALS,14739
ADVANI HOT.& RES.(I) LTD,14745
WINSOME YARNS LIMITED,14757
IDBI BANK LIMITED,1476
NELCAST LIMITED,14761
V2 RETAIL LIMITED,14766
TARMAT LIMITED,14771
SUN PHARMA ADV.RES.CO.LTD,14788
MEGASOFT LTD,14793
RUDRABHISHEK ENTERP LTD,1480
ALLIED DIGITAL SERV. LTD,14813
IFB AGRO INDUSTRIES LTD,1482
W.S.INDUSTRIES (I) LTD.,14828
DECCAN CEMENTS LIMITED,14838
VIP CLOTHING LIMITED,14843
ALPA LABORATORIES LTD,14848
IFB INDUSTRIES LTD,1485
OMAXE LIMITED,14853
FUT LIFESTYLE FASH LTD,14868
UDAYSHIVAKUMAR INFRA LTD,14871
ASIAN GRANITO IND. LTD.,14889
CENTRAL BANK OF INDIA,14894
AKI INDIA LIMITED,14895
SAHYADRI INDUSTRIES LTD,14900
KDDL LIMITED,14908
IFCI LTD,1491
KPR MILL LTD.,14912
TAKE SOLUTIONS LTD,14917
PURAVANKARA LIMITED,14922
LORENZINI APPARELS LTD,14924
CIE AUTOMOTIVE INDIA LTD,14937
RESTAURANT BRAND ASIA LTD,1494
NAGREEKA CAP & INFR.LTD,14942
MOTILAL OSWAL FIN LTD,14947
INDOWIND ENERGY LTD,14952
MAGNUM VENTURES LTD.,14957
CSB BANK LIMITED,14966
SHIVA MILLS LIMITED,1497
KAVERI SEED CO. LTD.,14972
POWER GRID CORP. LTD.,14977
CENTUM ELECTRONICS LTD,14982
CONS. CONST. CONSORT LTD,14992
SOTAC PHARMACEUTICALS LTD,14993
MANG.CHEM.FERT.LTD,15007
MAAN ALUMINIUM LIMITED,15017
ASCOM LEASIN & INVEST LTD,15030
BAJAJ ELECT.LTD,15034
INFINIUM PHARMACHEM LTD,15036
CERA SANITARYWARE LTD,15039
DELTA CORP LIMITED,15044
ENERGY DEVE. CO.LTD,15049
MOS UTILITY LIMITED,15051
AVALON TECHNOLOGIES LTD,15058
BEML LAND ASSETS LIMITED,15067
RELIGARE ENTER. LTD.,15068
BARAK VALLEY CEM. LTD.,15077
ASTER DM HEALTHCARE LTD.,1508
ADANI PORT & SEZ LTD,15083
EDELWEISS FIN SERV LTD,15119
THE INDIAN HOTELS CO. LTD,1512
KOLTE PATIL DEV. LTD.,15124
SHREE VASU LOGISTICS LTD,15126
RENAISSANCE GLOBAL LTD,15129
KAUSHALYA INFRA DEV LTD.,15140
COLGATE PALMOLIVE LTD.,15141
PATTECH FITWELL TUB COM L,15143
JYOTHY LABS LIMITED,15146
A G UNIVERSAL LIMITED,15147
THE INDIA CEMENTS LIMITED,1515
MADHAV MARBLE & GRANITE,15151
KALYANI FORGE LIMITED,15156
ROBUST HOTELS LIMITED,15157
HITECH CORPORATION LTD,15161
TRANS & RECTI. LTD,15174
ECLERX SERVICES LTD,15179
KIRLOSKAR PNEUMATIC COM L,15180
BRIGADE ENTER. LTD,15184
BGR ENERGY SYSTEMS LTD,15193
MANAKSIA LTD.,15199
ARIES AGRO LTD.,15204
INDIA GLYCOLS LTD,1521
PPAP AUTOMOTIVE LIMITED,15213
DHUNSERI VENTURES LIMITED,15214
PATEL INT. LOG. LTD,15219
UJJIVAN SMALL FINANC BANK,15228
AMBIKA COTTON MILL LTD.,15234
ADITYA BIRLA MONEY LTD,15239
KAVVERI DFS & WIR TEC LTD,15248
CEAT LIMITED,15254
RELIANCE POWER LTD.,15259
JKUMAR INFR.LTD.,15266
CORDS CABLE INDUS LTD.,15271
ONMOBILE GLOBAL LTD.,15278
KNR CONSTRU LTD.,15283
QUICKTOUCH TECHNOLOGIES L,15285
HERCULES HOI. LTD.,15288
INDIAN HUME PIPE CO. LTD.,1530
BANG OVERSEAS LTD.,15303
VIRINCHI LIMITED,15304
SEPC LIMITED,15308
IRB INFRA DEV LTD.,15313
NMDC LTD.,15332
RAIN INDUSTRIES LIMITED,15337
SHALIM PAINTS LTD,15342
GSS INFOTECH LIMITED,15347
SADHANA NITROCHEM LIMITED,15349
REC LIMITED,15355
NAHAR CAP & FIN.,15357
V-GUARD IND LTD.,15362
PUDUMJEE PAPER PRO. LTD,15377
MANKIND PHARMA LIMITED,15380
DHANI SERVICES LIMITED,15384
RACE ECO CHAIN LIMITED,15391
EIH ASSOCIATED HOTELS LTD,15399
APCOTEX INDUSTRIES LIMITE,154
ATAM VALVES LIMITED,15404
NESCO LTD.,15409
TITAGARH RAIL SYSTEMS LTD,15414
DPSC LIMITED,15419
ANDHRA CEMENTS LIMITED,15431
DE NEERS TOOLS LIMITED,15449
RKEC PROJECTS LIMITED,1547
HEALTHCARE GLOB. ENT. LTD,15555
AVG LOGISTICS LIMITED,15589
ATAL REALTECH LIMITED,15649
APOLLO HOSPITALS ENTER. L,157
GMM PFAUDLER LIMITED,1570
RAVINDER HEIGHTS LIMITED,1572
POWER INSTRUMENT (G) LTD,15730
GILLETTE INDIA LTD,1576
TARC LIMITED,1581
LATTEYS INDUSTRIES LTD,15840
AURO IMPEX & CHEMICALS L,15869
HINDWARE HME INOVATON LTD,15883
MILTON INDUSTRIES LIMITED,159
MANGALAM GLOBAL ENT LTD,1593
INFOSYS LIMITED,1594
INGERSOLL-RAND INDIA LTD,1597
PRINCE PIPES FITTINGS LTD,16045
GODHA CABCON INSULAT LTD,1610
BHARAT WIRE ROPES LTD.,16123
KRISHCA STRAPPING SLTN L,16133
FAIRCHEM ORGANICS LIMITED,1614
REMUS PHARMACEUTICALS L,16154
PAVNA INDUSTRIES LIMITED,16192
TATA INVESTMENT CORP LTD,1621
INDIAN OIL CORP LTD,1624
INFIBEAM AVENUES LIMITED,16249
LINDE INDIA LIMITED,1627
MRS BECTORS FOOD SPE LTD,1628
APOLLO TYRES LTD,163
ION EXCHANGE (INDIA) LTD,1630
IPCA LABORATORIES LTD,1633
PANACHE DIGILIFE LIMITED,16355
MMP INDUSTRIES LIMITED,16395
CRAYONS ADVERTISING LTD,16419
VASA DENTICITY LIMITED,16454
PROVENTUS AGROCOM LIMITED,16483
INFOLLION RESEARCH SER L,16588
VAISHALI PHARMA LIMITED,16589
ANDHRA PAPER LIMITED,166
ITC LTD,1660
SUNDROP BRANDS LIMITED,1663
KIRI INDUSTRIES LIMITED,16639
ANIK INDUSTRIES LTD,16657
SIGMA SOLVE LIMITED,16658
BAJAJ AUTO LIMITED,16669
BAJAJ FINSERV LTD.,16675
PTC INDUSTRIES LIMITED,16682
DIGISPICE TECHNOLOGIES LT,16687
GHCL TEXTILES LIMITED,16696
GOKUL REFOILS & SOLV LTD,16705
SAHANA SYSTEM LIMITED,16711
UNITED BREWERIES LTD,16713
ALMONDZ GLOBAL SEC LTD,16719
H.G.INFRA ENGINEERING LTD,1672
RPG LIFE SCIENCES LTD,16725
M K PROTEINS LIMITED,16736
ITI LTD,1675
KORE DIGITAL LIMITED,16758
GE VERNOVA T&D INDIA LTD,16783
ARCHIDPLY IND. LTD,16795
IVP LTD,1681
LOTUS EYE HOSP & INST L,16811
VINYL CHEMICALS (I) LTD.,16821
IKIO TECHNOLOGIES LIMITED,16822
KOKUYO CAMLIN LIMITED,16827
SINDHU TRADE LINKS LTD,16859
LANDMARK PR.DEV.CO.LTD,16863
SPECTRUM TALENT MGMT LTD,16876
URBAN ENVIRO WASTE MGMT L,16888
D P WIRES LIMITED,16900
TOUCHWOOD ENTERTAIN LTD.,16908
ARTEMIS MED SERVICE LTD,16913
ZF COM VE CTR SYS IND LTD,16915
20 MICRONS LTD,16921
JOCIL LIMITED,16927
INDBANK MERCH BANK,16933
ASHOKA METCAST LIMITED,16943
CELL POINT (INDIA) LTD,16950
VILIN BIO MED LIMITED,16954
ALKALI METALS LTD,16959
AATMAJ HEALTHCARE LIMITED,16961
COUNTRY CONDO S LIMITED,16986
TEAMO PRODUCTIONS HQ LTD,16996
MAWANA SUGARS LIMITED,17022
PATANJALI FOODS LIMITED,17029
THYROCARE TECH LTD,17032
HMA AGRO INDUSTRIES LTD,17053
PALRED TECHNOLOGIES LTD,17062
URAVI DEFENCE &TECH LTD,17071
ESSEN SPECIALITY FILMS L,17084
MAGSON RETAIL AND DIST L,17088
GREENCHEF APPLIANCES LTD,17092
CROMPT GREA CON ELEC LTD,17094
SUMITOMO CHEM INDIA LTD,17105
PARAG MILK FOODS LTD.,17130
PENTAGON RUBBER LIMITED,17132
IDEAFORGE TECHNO LTD,17140
AARTECH SOLONICS LIMITED,17145
GLOBAL PET INDUSTRIES LTD,17167
SHRIRAM PIST. & RING LTD,17186
CYIENT DLM LIMITED,17187
PAKKA LIMITED,17197
JAYSHREE TEA & INDUSTRIES,1720
SYNOPTICS TECHNOLOGIES L,17203
TRIDHYA TECH LIMITED,17210
ALBERT DAVID LIMITED,17256
J B CHEMICALS AND PHARMA,1726
ARMAN FIN SERV LTD,17263
ASPINWALL & CO LTD,17270
SENCO GOLD LIMITED,17271
BLS INTL SERVS LTD,17279
NAGARJUN FERT AND CHE LTD,17295
AJMERA REALTY & INF I LTD,17307
LLOYDS METALS N ENERGY L,17313
MAHINDRA HOLIDAYS LTD,17333
SALONA COTSPIN LTD.,17351
GKW LIMITED,17357
UTKARSH SMALL FIN BANK L,17358
VINATI ORGANICS LTD,17364
DRONE DESTINATION LIMITED,17372
EXCEL REALTY N INFRA LTD,17380
ADANI POWER LTD,17388
PREMIER EXPLOSIVES LTD,17397
SERVICE CARE LIMITED,17399
NHPC LTD,17400
GLOBUS SPIRITS LTD,17424
NETWEB TECH INDIA LTD,17433
OIL INDIA LTD,17438
CONTROL PRINT LIMITED,17477
EXPLEO SOLUTIONS LIMITED,17486
INCREDIBLE INDUSTRIES LTD,17507
SETCO AUTOMOTIVE LTD,17514
RATTANINDIA POWER LIMITED,17520
MAHAMAYA STEEL INDS LTD,17527
MAHANAGAR GAS LTD.,17534
DAMODAR INDUSTRIES LTD,17541
AMRUTAJAN HEALTH LTD,17547
JINDAL POLY FILMS LIMITED,1756
ASSO ALCOHOLS & BREW LTD,17598
MAHINDRA EPC IRRIG LTD,17603
MOLD-TEK TECHNOLOGIES LTD,17625
YASONS CHEMEX CARE LTD,17627
ZYDUS WELLNESS LIMITED,17635
SUNTECK REALTY LIMITED,17641
POKARNA LIMITED,17651
UNIVERSUS IMAGINGS LTD,17661
ALOK INDUSTRIES LIMITED,17675
SHRI TECHTEX LIMITED,17684
GPT INFRAPROJECTS LTD,17685
VIJI FINANCE LIMITED,17695
QUESS CORP LIMITED,17704
DEN NETWORKS LTD,17722
ASTEC LIFESCIENCES LTD,17728
BAFNA PHARMACEUTICALS LTD,17735
YATHARTH HOSP & TRA C S L,17738
NIIT LEARNING SYSTEMS LTD,17747
SHILPA MEDICARE LTD,17752
SARDA ENERGY & MIN LTD,17758
REFEX INDUSTRIES LIMITED,17764
ZEAL GLOBAL SERVICES LTD,17766
THE GROB TEA COMPANY LTD,17770
ALLCARGO TERMINALS LTD,17778
KKV AGRO POWERS LTD.,17781
SOMI CONVEYOR BELT. LTD.,17794
TRANSINDIA REAL ESTATE L,17795
LLOYDS ENGG WORK LIMITED,17801
LTIMINDTREE LIMITED,17818
KANPUR PLASTIPACK LIMITED,1782
AHLUWALIA CONT IND LTD,17833
GILLANDERS ARBUTHNOT LTD,17839
D-LINK INDIA LTD,17851
REDTAPE LIMITED,17859
JSW ENERGY LIMITED,17869
GODREJ PROPERTIES LTD,17875
D.B.CORP LTD,17881
ORIANA POWER LIMITED,17882
GACM TECHNOLOGIES LIMITED,17888
VINSYS IT SERVICES IND LT,17898
ABBOTT INDIA LIMITED,17903
HOUSING DEV & INFRA LTD,17920
GEEKAY WIRES LIMITED,17922
BAYER CROPSCIENCE LTD,17927
BEARDSELL LIMITED,17933
HINDUSTAN COPPER LTD,17939
COHANCE LIFESCIENCES LTD,17945
MMTC LIMITED,17957
NESTLE INDIA LIMITED,17963
ANTONY WASTE HDG CELL LTD,1797
SBI CARDS & PAY SER LTD,17971
TRF LIMITED,17987
UNITED NILGIRI TEA LTD,17999
WHIRLPOOL OF INDIA LTD,18011
VL E GOV AND IT SOL LTD,18012
JYOTI STRUCTURES LTD,1802
SBFC FINANCE LIMITED,18026
MBL INFRASTRUCTURE LTD,18029
SANGANI HOSPITALS LIMITED,18035
ADVANCED ENZYME TECH LTD,18039
YUDIZ SOLUTIONS LIMITED,18040
KABRA EXTRUSION TECHNIK L,1805
MINDTECK (INDIA) LIMITED,18053
SRIVARI SPICES N FOODS L,18056
CONCORD BIOTECH LIMITED,18060
KAJARIA CERAMICS LTD,1808
DILIP BUILDCON LIMITED,18086
JUBILANT FOODWORKS LTD,18096
RAJDARSHAN INDUSTRIES LTD,181
KAKATIYA CEM SUGAR &IND L,1811
VASCON ENGINEERS LTD,18110
THANGAMAYIL JEWELLERY LTD,18118
SRG HOUSING FINANCE L,18119
VALOR ESTATE LIMITED,18124
YASHO INDUSTRIES LIMITED,18131
DOLPHIN OFF ENT (IND) L,18139
KALPATARU PROJECT INT LTD,1814
EMMBI INDUSTRIES LIMITED,18142
JIO FIN SERVICES LTD,18143
TVS SUPPLY CHAIN SOL L,18151
HATHWAY CABLE & DATACOM,18154
ORIENT PRESS LIMITED,18208
TEXMO PIPE & PRODUCTS LTD,18214
KIRLOSKAR ELECTRIC CO LTD,18220
MAN INFRA LTD,18226
LORDS CHLORO ALKALI LTD,18235
PYRAMID TECHNOPLAST LTD,18250
S. P. APPARELS LIMITED,18252
KAMAT HOTELS (I) LTD,1826
CROP LIFE SCIENCE LIMITED,18260
SUNGARNER ENERGIES LTD,18264
AEROFLEX INDUSTRIES LTD,18268
LG BALAKRISHNAN & BROS,18321
VISHNU PRAKASH R PUNGLI L,18341
KANORIA CHEMICALS & INDUS,1835
SANDUR MANG & IRON ORES L,18359
PERSISTENT SYSTEMS LTD,18365
NAGA DHUNSERI GROUP LTD,18371
C P S SHAPERS LIMITED,18372
KARUR VYSYA BANK LTD,1838
RBL BANK LIMITED,18391
MONO PHARMACARE LIMITED,18392
TCPL PACKAGING LIMITED,184
KCP LTD,1841
RISHABH INSTRUMENTS LTD,18419
ASIAN HOTELS (NORTH) LTD,18422
RATNAVEER PRECISION ENG L,18423
BIGBLOC CONSTRUCTION LTD,18431
BASILIC FLY STUDIO LTD,18442
HITACHI ENERGY INDIA LTD,18457
INTRASOFT TECH. LTD,18479
SAB EVENTS & GOVERNANCE,18501
TV VISION LIMITED,18504
SAROJA PHARMA INDUS IND L,18513
PRAMARA PROMOTIONS LTD,18514
CUPID LIMITED,18520
DIAMOND POWER INFRA LTD,18543
JUPITER LIFE LINE HOSP L,18553
JIWANRAM SHEODUTTRA IND L,18558
MITTAL LIFE STYLE LIMITED,18562
L&T TECHNOLOGY SER. LTD.,18564
R R KABEL LIMITED,18566
GNA AXLES LIMITED,18571
KIRLOSKAR BROTHERS LTD,18581
UNIHEALTH HOSPITALS LTD,18582
KESORAM INDUSTRIES LTD,1859
EMS LIMITED,18593
ZAGGLE PREPA OCEAN SER L,18608
SAMHI HOTELS LIMITED,18614
DIAMINES & CHEMICALS LTD,18644
HOLMARC OPTO MECHATRO L,18649
ICICI PRU LIFE INS CO LTD,18652
CHAVDA INFRA LIMITED,18654
MARATHON NXTGEN REALT LTD,18659
HPL ELECTRIC & POWER LTD,18679
AVSL INDUSTRIES LIMITED,18693
JET KNITWEARS LTD.,18700
KUNDAN EDIFICE LIMITED,18708
NUVAMA WEALTH MANAGE LTD,18721
MASK INVESTMENTS LIMITED,18727
MADHUSUDAN MASALA LIMITED,18728
GRETEX INDUSTRIES LTD.,18741
SIGNATUREGLOBAL INDIA LTD,18743
KODY TECHNOLAB LIMITED,18751
SAI SILKS (KALAMANDIR) L,18755
YATRA ONLINE LIMITED,18760
AURANGABAD DISTILLERY LTD,18762
DHANUKA REALTY LIMITED,18769
MARCO CABLE & CONDUCTOR L,18773
CARYSIL LIMITED,1879
HI GREEN CARBON LIMITED,18794
CELLECOR GADGETS LIMITED,18806
GLOBE INTL CARRIERS LTD,18815
ENDURANCE TECHNO. LTD.,18822
TARAPUR TRANSFORMERS LTD,18827
NIRAJ ISPAT IND LTD,18840
VERTOZ LIMITED,18863
MAZDA LIMITED,18866
SJVN LTD,18883
KALYANI STEELS LIMITED,18889
PNB HOUSING FIN LTD.,18908
VARUN BEVERAGES LIMITED,18921
SUNDARAM MULTI PAP LTD,18931
KINGFA SCI & TEC IND LTD.,18948
RAJRATAN GLOBAL WIRE LTD,18962
KAPSTON SERVICES LIMITED,18967
UNIVASTU INDIA LIMITED,18977
STYRENIX PERFORMANCE LTD,19
CUMMINS INDIA LTD,1901
MASTER COMPONENTS LIMITED,19011
MANOJ VAIBHAV GEM N JEW L,19015
JSW INFRASTRUCTURE LTD,19020
KIRLOSKAR INDUSTRIES LTD,19025
PODDAR PIGMENTS LIMITED,19036
MANAPPURAM FINANCE LTD,19061
AARVI ENCON LIMITED,19073
SILLY MONKS ENTERTAIN LTD,19097
ROLLATAINERS LIMITED,19104
N.B.I. IND. FIN. CO. LTD,19111
SAAKSHI MEDTEC N PANELS L,19112
UPDATER SERVICES LIMITED,19113
KIOCL LIMITED,19126
MANGALAM ALLOYS LIMITED,19134
DIGIKORE STUDIOS LIMITED,19138
USHA MARTIN EDU & SOL LTD,19142
INSPIRE FILMS LIMITED,19154
NEWJAISA TECHNOLOGIES LTD,19161
SHEELA FOAM LIMITED,19184
KOPRAN LTD,1919
TILAKNAGAR INDUSTRIES LTD,19196
HEADS UP VENTURES LIMITED,19205
VINYAS INNOVATIVE TECH L,19206
HINDUSTAN MEDIA VENT LTD,19211
VALIANT LABORATORIES LTD,19218
KOTAK MAHINDRA BANK LTD,1922
TCI EXPRESS LIMITED,19223
WEALTH FRST PORT. MG. LTD,1923
AARTI SURFACTANTS LIMITED,19233
LAURUS LABS LIMITED,19234
INDIAN METALS & FERRO,19235
ARABIAN PETROLEUM LIMITED,19253
BLISS GVS PHARMA LTD,19265
E FACTOR EXPERIENCES LTD,19267
EMAMI REALTY LIMITED,19277
THEJO ENGINEERING LIMITED,19279
KONTOR SPACE LIMITED,19287
TERA SOFTWARE LIMITED,19296
INDIA TOUR. DEV. CO. LTD.,19299
ARVIND LIMITED,193
VISHNUSURYA PROJ N INFR L,19300
HISAR METAL IND. LIMITED,19322
PROLIFE INDUSTRIES LTD,19352
GOYAL SALT LIMITED,19356
CANARYS AUTOMATIONS LTD,19368
KREBS BIOCHEMICALS & IND,1937
SPACENET ENTERS IND LTD,19372
ONECLICK LOGISTICS IND L,19386
BOROSIL LIMITED,19401
ROSSARI BIOTECH LIMITED,19410
ASIAN HOTELS (EAST) LTD,19438
CAPITAL TRUST LIMITED,19447
PLAZA WIRES LIMITED,19458
KARNIKA INDUSTRIES LTD,19465
SHARP CHUCKS N MACHINES L,19469
KSB LIMITED,1949
PLADA INFOTECH SERVICES L,19492
SECMARK CONSULTANCY LTD,19496
TWAMEV CONS AND INFRA LTD,19501
COMMITTED CARGO CARE LTD,19516
INDUSTRIAL INV TRUST LTD,19525
BAJAJ CONSUMER CARE LTD,19531
BHANDARI HOSIERY EXP LTD,19556
THE UGAR SUGAR WORKS LTD,19578
ARVIND PORT AND INFRA LTD,19579
BSE LIMITED,19585
IRM ENERGY LIMITED,19597
PRAKASH STEELAGE LTD,19599
WOMANCART LIMITED,19627
PRICOL LIMITED,19631
TRENT LTD,1964
MAX ESTATES LIMITED,19646
KALYANI COMMERCIALS LTD,19653
COMPUAGE INFOCOM LTD,19670
ANSAL PROP & INFRA LTD,19677
RAJGOR CASTOR DERIVATI L,19681
BLUE JET HEALTHCARE LTD,19686
ON DOOR CONCEPTS LIMITED,19692
JITF INFRALOGISTICS LTD,19695
HMT LTD -,19698
GUJARAT PIPAVAV PORT LTD,19731
SHANTHALA FMCG PRODUCTS L,19752
ADF FOODS LIMITED,19761
PARAGON FINE S.C. LTD.,19779
MUFIN GREEN FINANCE LTD,19783
LMW LIMITED,1979
CELLO WORLD LIMITED,19795
TRANSTEEL SEATING TECH L,19801
WELSPUN INV & COMM LTD,19804
MAITREYA MEDICARE LIMITED,19809
HONASA CONSUMER LIMITED,19813
SAR TELEVENTURE LIMITED,19863
AMINES & PLASTICIZERS LTD,19867
LAXMI GOLDORNA HOUSE LTD,19876
MUSIC BROADCAST LIMITED,19877
ESAF SMALL FINANCE BANK L,19878
MICROPRO SOFTWARE SOL L,19887
MAS FINANCIAL SERV LTD,199
AVENUE SUPERMARTS LIMITED,19913
ORISSA MIN DEV CO LTD,19931
KILITCH DRUGS INDIA LTD,19937
LIBERTY SHOES LTD,1994
DEEPAK NITRITE LTD,19943
LIC HOUSING FINANCE LTD,1997
AHLADA ENGINEERS LIMITED,2004
SASTASUNDAR VENTURES LTD,20063
INTENSE TECHNOLOGIES LTD,20077
CP CAPITAL LIMITED,20086
TASTY BITE EATABLES LTD,20092
UNITED DRILLING TOOLS LTD,201
ORIENT GREEN POWER CO LTD,20110
RAMKY INFRA LTD,20134
BABA FOOD PROCESSING,20141
ASK AUTOMOTIVE LIMITED,20152
ARIHANT SUPERSTRUCT LTD,20159
CANTABIL RETAIL LTD,20160
ROX HI TECH LIMITED,20167
AKSHARCHEM INDIA LIMITED,20178
LUMAX INDUSTRIES LTD,2018
ASHOKA BUILDCON LTD,20182
VA TECH WABAG LTD,20188
BEDMUTHA INDUST LTD,20196
URJA GLOBAL LIMITED,20203
SUNREST LIFESCIENCE LTD,20213
JUPITER WAGONS LIMITED,20224
CL EDUCATE LIMITED,20233
OBEROI REALTY LIMITED,20242
INDIAN RENEWABLE ENERGY,20261
LYKA LABS LTD,2028
ROCKINGDEALS CIRCU ECO L,20289
INDIAN RAILWAY FIN CORP L,2029
TATA TECHNOLOGIES LIMITED,20293
SHAH METACORP LIMITED,20296
ASHAPURA MINECHEM LTD,203
PRESTIGE ESTATE LTD,20302
GANDHAR OIL REFINE IND L,20303
MAHINDRA & MAHINDRA LTD,2031
N R AGARWAL INDS LTD,20314
FEDBANK FINANCIAL SER L,20322
RESPONSIVE INDUSTRIES LTD,20323
CAPRI GLOBAL CAPITAL LTD,20329
SHANKARA BLDG PRODUCT LTD,20337
FLAIR WRITING INDUST LTD,20372
COAL INDIA LTD,20374
NET AVENUE TECHNOLOGIES L,20406
MARINETRANS INDIA LIMITED,20410
IOL CHEM AND PHARMA LTD,20413
SHEETAL UNIVERSAL LIMITED,20415
NACL INDUSTRIES LIMITED,20429
THE RAMCO CEMENTS LIMITED,2043
GRAPHISADS LIMITED,20454
ANJANI PORTLAND CEM LTD,20457
INDIGO PAINTS LIMITED,2048
THE WESTERN INDIA PLY LTD,20481
CHENNAI PETROLEUM CORP LT,2049
ACCENT MICROCELL LIMITED,20496
PRESSTONIC ENGINEERING L,20498
ASL INDUSTRIES LIMITED,20503
PRUDENTIAL SUGAR CORPORAT,20527
BAJEL PROJECTS LIMITED,20531
GRAVITA INDIA LIMITED,20534
S J LOGISTICS (INDIA) LTD,20542
DOMS INDUSTRIES LIMITED,20551
INDIA SHELTER FIN CORP L,20556
HOME FIRST FIN CO IND LTD,2056
DOLLAR INDUSTRIES LIMITED,20560
ASHIMA LTD,206
SHREE OSFM E-MOBILITY LTD,20603
INOX INDIA LIMITED,20607
SUPERHOUSE LIMITED,20616
PENNAR INDUSTRIES LTD,20621
JINDAL WORLDWIDE LTD,20642
S CHAND AND COMPANY LTD,20698
VARDHMAN TEXTILES LIMITED,2073
R.P.P INFRA PROJECTS LTD,20760
JAMNA AUTO IND LTD,20778
MOTISONS JEWELLERS LTD,20788
SUMEET IND LIMITED,20794
BHAGYANAGAR INDIA LIMITED,20799
SURAJ ESTATE DEVELOPERS L,20822
HSG & URBAN DEV CORPN LTD,20825
MOIL LIMITED,20830
MUTHOOT MICROFIN LIMITED,20831
MAHARASHTRA SCOOTERS LTD,2085
ZEE LEARN LIMITED,20852
HAPPY FORGINGS LIMITED,20854
RBZ JEWELLERS LIMITED,20874
PSP PROJECTS LIMITED,20877
CREDO BRANDS MARKETING L,20878
MAHARASHTRA SEAMLESS LTD,2088
ELECTRO FORCE (INDIA) LTD,20899
AZAD ENGINEERING LIMITED,20905
A2Z INFRA ENGINEERING LTD,20910
JALAN TRANSOLU. INDIA LTD,20929
KIRLOSKAR OIL ENG LTD,20936
RAVI KUMAR DIST. LTD.,20950
SUNDARAM CLAYTON LIMITED,20956
VADIVARHE SPCLTY CHEM LTD,20973
PUNJAB & SIND BANK,21001
FUTURE MKT NETWORKS LTD,21017
MANGALAM CEMENT LTD,2106
INDIFRA LIMITED,21061
INNOVA CAPTAB LIMITED,21062
SUPREME POWER EQUIPMENT L,21067
STOVE KRAFT LIMITED,2107
SURANA SOLAR LIMITED,21077
TRIDENT TECHLABS LIMITED,21078
STAR CEMENT LIMITED,21091
SHEKHAWATI INDUSTRIES LTD,21095
SAMEERA AGRO AND INFRA L,21096
HRH NEXT SERVICES LIMITED,21107
BF INVESTMENT LIMITED,21113
KALYANI INVEST CO LTD,21119
MARAL OVERSEAS LTD,2112
AKANKSHA POWER N INFRA L,21121
TEJAS NETWORKS LIMITED,21131
ERIS LIFESCIENCES LIMITED,21154
KAY CEE ENERGY & INFRA L,21173
CENTRAL DEPO SER (I) LTD,21174
KAUSHALYA LOGISTICS LTD,21186
GTPL HATHWAY LIMITED,21195
ASHOK LEYLAND LTD,212
ACCORD SYNERGY LIMITED,21217
AU SMALL FINANCE BANK LTD,21238
MASTEK LTD,2124
DIGIDRIVE DISTRIBUTORS L,21247
TRANSWIND INFRA LIMITED,21260
SUMMIT SECURITIES LTD,21275
DYNEMIC PRODUCTS LIMITED,21314
MARVEL DECOR LIMITED,2132
JYOTI CNC AUTOMATION LTD,21334
STEEL EXCHANGE INDIA LTD,21339
IBL FINANCE LIMITED,21348
SALASAR TECHNO ENGG. LTD.,21362
PALASH SECURITIES LTD,21383
MAGADH SUGAR & ENERGY LTD,21392
GANGES SECURITIES LIMITED,21399
AVADH SUG & ENERGY LTD,21406
MAX FINANCIAL SERV LTD,2142
THE INVEST TRUST OF IND L,21427
BHARAT DYNAMICS LIMITED,2144
AUSTRALIAN PREM SOLAR I L,21451
OPTIEMUS INFRACOM LTD,21469
STEL HOLDINGS LIMITED,21484
SIS LIMITED,21501
COCHIN SHIPYARD LIMITED,21508
SMS LIFESCIENCES (I) LTD,21551
COMMERCIAL SYN BAGS LTD,21578
ADITYA BIRLA CAPITAL LTD.,21614
APEX FROZEN FOODS LIMITED,21623
HINDUSTAN MOTORS LIMITED,21676
RAJNANDINI METAL LIMITED,2168
BHARAT ROAD NETWORK LTD,21683
DIXON TECHNO (INDIA) LTD,21690
MAXPOSURE LIMITED,21691
MANAV INFRA PROJECTS LTD,21697
DISHMAN CARBO AMCIS LTD,21704
MEDI ASSIST HEALTH SER L,21705
LASA SUPERGENERICS LTD,21723
MATRIMONY.COM LIMITED,21726
RELIANCE HOME FINANCE LTD,21737
CHOLAMANDALAM FIN HOL LTD,21740
CAPACITE INFRAPROJECT LTD,21749
AKG EXIM LIMITED,2176
ICICI LOMBARD GIC LIMITED,21770
M P TODAY MEDIA LIMITED,21793
DAVANGERE SUGAR COMPANY L,21794
SBI LIFE INSURANCE CO LTD,21808
BOSCH LIMITED,2181
CADSYS (INDIA) LIMITED,21823
TEXMACO RAIL & ENG. LTD.,21828
SUNDARAM FINANCE HOLD LTD,2183
PRATAAP SNACKS LIMITED,21840
SHREE TIRUPATI BALAJEE,21868
GENERIC ENG CONS PROJ LTD,2188
HFCL LIMITED,21951
IND TERRAIN FASHIONS LTD,21957
ACC LIMITED,22
INDIAN ENERGY EXC LTD,220
DHUNSERI INVESTMENTS LTD,22233
NDR AUTO COMPONENTS LTD,22255
WORTH PERIPHERALS LIMITED,22277
TIRUPATI FORGE LIMITED,22282
MODI RUBBER LTD,2229
MACPOWER CNC MACHINES LTD,22347
MADHAV COPPER LIMITED,22360
MAX HEALTHCARE INS LTD,22377
MODERN THREADS INDIA LTD,2241
LOVABLE LINGERIE LTD,22415
TOTAL TRANSPORT SYS LTD,22423
MAX INDIA LIMITED,22428
EPACK DURABLE LIMITED,22463
ADDICTIVE LEARNING TECH L,22468
KONSTELEC ENGINEERS LTD,22472
NOVA AGRITECH LIMITED,22477
FONEBOX RETAIL LIMITED,22517
DELAPLEX LIMITED,22527
DOCMODE HEALTH TECH LTD,22533
PENINSULA LAND LIMITED,2256
MEGATHERM INDUCTION LTD,22560
BLS E-SERVICES LIMITED,22566
BAWEJA STUDIOS LIMITED,22571
MOREPEN LAB. LTD,2259
PTC INDIA FIN SERV LTD,22602
BANDHAN BANK LIMITED,2263
ITALIAN EDIBLES LIMITED,22645
PARKHOTELS,22649
SIGNPOST INDIA LIMITED,22656
JANA SMALL FIN BANK LTD,22663
RASHI PERIPHERALS LIMITED,22670
CAPITAL SMALL FIN BANK L,22675
MOTOR & GENERAL FINANCE L,2268
ALPEX SOLAR LIMITED,22688
POLYSIL IRRIGATION SYST L,22714
ENTERO HEALTHCARE SOLU L,22717
WISE TRAVEL INDIA LIMITED,22728
VIBHOR STEEL TUBES LTD,22730
ESCONET TECHNOLOGIES LTD,22764
MRF LTD,2277
INTERIORS & MORE LIMITED,22770
THAAI CASTING LIMITED,22777
IRIS CLOTHINGS LIMITED,2278
ATMASTCO LIMITED,22785
DEEM ROLL TECH LIMITED,22799
ZENITH DRUGS LIMITED,22803
JUNIPER HOTELS LIMITED,22824
MRPL,2283
GPT HEALTHCARE LIMITED,22846
HLE GLASCOAT LIMITED,2289
SADHAV SHIPPING LIMITED,22897
OWAIS METAL & MINERAL,22911
PLATINUM INDUSTRIES LTD,22930
MAHANAGAR TELEPHONE NIGAM,2294
PURV FLEXIPACK LIMITED,22942
EXICOM TELE SYSTEMS LTD,22947
M.V.K. AGRO FOOD PROD LTD,22979
MUKKA PROTEINS LIMITED,22980
V R INFRASPACE LIMITED,23018
LANCOR HOLDINGS LIMITED,23027
HINDUSTAN AERONAUTICS LTD,2303
R K SWAMY LIMITED,23043
SONA MACHINERY LIMITED,23052
J.G.CHEMICALS LIMITED,23056
BEST AGROLIFE LIMITED,2306
GOPAL SNACKS LIMITED,23066
MUNJAL SHOWA LTD,2307
SHREE KARNI FABCOM LTD,23074
PRATHAM EPC PROJECTS LTD,23113
SHIPPING CORP OF ILA LTD,23127
MURUDESHWAR CERAMICS LTD,2313
POPULAR VEHICLES N SER L,23142
SIGNORIA CREATION LIMITED,23147
AVP INFRACON LIMITED,23159
HEIDELBERGCEMENT (I) LTD,2316
KRYSTAL INTEGRATED SER L,23175
NCC LIMITED,2319
SMC GLOBAL SECURITIES LTD,2320
ENFUSE SOLUTIONS LIMITED,23224
ENSER COMMUNICATIONS LTD,23230
JAYASWAL NECO INDUSTR LTD,2331
SRI ADHIKARI BRO TELE N L,23367
VISHWAS AGRI SEEDS LTD,23370
NAMAN IN-STORE (INDIA) L,23379
VICEROY HOTELS LIMITED,23386
ASPIRE & INNOVATIVE ADV L,23396
SRM CONTRACTORS LIMITED,23402
BLUE PEBBLE LIMITED,23410
TRUST FINTECH LIMITED,23417
TAC INFOSEC LIMITED,23441
RADIOWALLA NETWORK LTD,23442
YASH OPTICS & LENS LTD,23458
K2 INFRAGEN LIMITED,23459
CREATIVE GRAPHICS S IND L,23468
ALUWIND INFRA-TECH LTD,23474
SINCLAIRS HOTELS LIMITED,23480
DRS CARGO MOVERS LIMITED,23488
BHARTI HEXACOM LIMITED,23489
AAKASH EXPLORATION SER L,235
NURECA LIMITED,2350
TARA CHAND INFRA SOLN LTD,23512
DCG CABLES & WIRES LTD,23520
TEERTH GOPICON LIMITED,23526
AUTHUM INVEST & INFRA LTD,23553
GRILL SPLENDOUR SER LTD,23562
RAMDEVBABA SOLVENT LTD,23565
GLOSTER LIMITED,23590
ASIAN PAINTS LIMITED,236
DHARAN INFRA-EPC LIMITED,2360
BALU FORGE INDUSTRIES LTD,23607
JNK INDIA LIMITED,23621
FILATEX FASHIONS LIMITED,23647
GIRIRAJ CIVIL DEVP LTD,2365
MUTHOOT FINANCE LIMITED,23650
SLONE INFOSYSTEMS LIMITED,23689
INDEGENE LIMITED,23693
WINSOL ENGINEERS LIMITED,23714
REFRACTORY SHAPES LIMITED,23718
AADHAR HOUSING FINANCE L,23729
SILKFLEX POLYMERS INDIA L,23736
TBO TEK LIMITED,23740
ENERGY MISSION MACH IND L,23745
PREMIER ROADLINES LIMITED,23764
VERITAAS ADVERTISING LTD,23775
MANDEEP AUTO INDUSTRIES L,23779
ABS MARINE SERVICES LTD,23783
INDIAN EMULSIFIERS LTD,23789
QUEST LABORATORIES LTD,23793
GO DIGIT GENERAL INS LTD,23799
HOAC FOODS INDIA LIMITED,23822
RULKA ELECTRICALS LIMITED,23830
NAVNEET EDUCATION LTD,2385
AWFIS SPACE SOLUTIONS LTD,23864
NELCO LTD,2388
GSM FOILS LIMITED,23891
VILAS TRANSCORE LIMITED,23909
BEACON TRUSTEESHIP LTD,23922
SANDHAR TECHNOLOGIES LTD,2397
Z-TECH (INDIA) LIMITED,23976
AIMTRON ELECTRONICS LTD,23984
BOROSIL SCIENTIFIC LTD,24014
TBI CORN LIMITED,24019
KRONOX LAB SCIENCES LTD,24025
NEULAND LAB LTD.,2406
LE TRAVENUES TECHNOLOGY L,24067
GP ECO SOLUTIONS INDIA L,24113
JHS SVENDGAARD RETAIL V L,24145
FALCON TECHNOPROJ IND LTD,24153
DEE DEVELOPMENT ENG LTD,24154
AKME FINTRADE (INDIA) LTD,24159
DURLAX TOP SURFACE LTD,24164
WINNY IMMIGRA & EDU SER L,24176
PI INDUSTRIES LTD,24184
SYMPHONY LIMITED,24190
VADILAL INDUSTRIES LTD,24196
NILKAMAL LIMITED,2421
RELAXO FOOT LTD.,24225
STANLEY LIFESTYLES LTD,24226
OM INFRA LIMITED,24231
MEDICAMEN ORGANICS LTD,24239
SHIVALIC POWER CONTROL L,24249
ESTER INDUSTRIES LTD,24265
SYLVAN PLYBOARD (INDIA) L,24267
VISAMAN GLOBAL SALES LTD,24277
MASON INFRATECH LIMITED,24281
DIVINE POWER ENERGY LTD,24289
PETRO CARBON AND CHEMI L,24290
VST TILLERS TRACTORS LTD,24292
AKIKO GLOBAL SERVICES L,24307
ALLIED BLEND N DISTILS L,24308
RAILTEL CORP OF IND LTD,2431
DIENSTEN TECH LIMITED,24313
VRAJ IRON AND STEEL LTD,24321
NEPHRO CARE INDIA LIMITED,24353
RELIABLE DATA SERVICE LTD,24380
KARMA ENERGY LIMITED,24385
BANSAL WIRE INDUSTRIES L,24386
NK INDUSTRIES LTD,2439
DELPHI WORLD MONEY LTD,24395
EMCURE PHARMACEUTICALS L,24398
ASHIANA HOUSING LTD,24403
DHANUKA AGRITECH LTD,24409
AMBEY LABORATORIES LTD,24415
NOCIL LIMITED,2442
EFFWA INFRA & RESEARCH L,24435
GANESH GREEN BHARAT LTD,24439
AGI INFRA LIMITED,24445
SAHAJ SOLAR LIMITED,24478
ARCHIDPLY DECOR LIMITED,245
SATI POLY PLAST LIMITED,24504
PRIZOR VIZTECH LIMITED,24511
TUNWAL E-MOTORS LIMITED,24520
KATARIA INDUSTRIES LTD,24528
FILATEX INDIA LTD,24532
MAITHAN ALLOYS LTD,24538
CENTRUM CAPITAL LIMITED,2454
MACOBS TECHNOLOGIES LTD,24545
SANSTAR LIMITED,24582
RNFI SERVICES LIMITED,24589
RUSHIL DECOR LIMITED,24595
RAVINDRA ENERGY LIMITED,24596
V.L.INFRAPROJECTS LIMITED,24606
AVANTEL LIMITED,24610
CHETANA EDUCATION LIMITED,24625
MISHRA DHATU NIGAM LTD,2463
MANGLAM INFRA & ENG LTD,24632
APRAMEYA ENGINEERING LTD,24638
TROM INDUSTRIES LIMITED,24642
S A TECH SOFTWARE INDIA L,24674
ESPRIT STONES LIMITED,24678
SATHLOKHAR SYN E&C GLOB L,24697
BULKCORP INTERNATIONAL L,24704
RAJPUTANA INDUSTRIES LTD,24707
ASHAPURA LOGISTICS LTD,24711
AKUMS DRUGS AND PHARMA L,24715
OIL COUNTRY TUBULAR LTD,2472
UTSSAV CZ GOLD JEWELS LTD,24726
RUBFILA INTERNATIONAL LTD,24730
RAGHAV PRODUCTIVITY ENH L,24735
CEIGALL INDIA LIMITED,24742
DHARIWALCORP LIMITED,24747
OIL AND NATURAL GAS CORP.,2475
OLA ELECTRIC MOBILITY LTD,24779
PICTUREPOST STUDIOS LTD,24791
UNICOMMERCE ESOLUTIONS L,24809
BRAINBEES SOLUTIONS LTD,24814
MANGAL CREDIT N FINCORP L,24823
AESTHETIK ENGINEERS LTD,24830
SUYOG TELEMATICS LIMITED,24851
SARASWATI SAREE DEPOT LTD,24856
POSITRON ENERGY LIMITED,24864
SUNLITE RECYCLING IND LTD,24868
INVENTURE GRO & SEC LTD,24870
SOLVE PLASTIC PRODUCTS L,24879
BRACE PORT LOGISTICS LTD,24905
INTERARCH BLDNG SOLTN LTD,24909
FORCAS STUDIO LIMITED,24914
ELGI RUBBER CO. LTD,24928
ORIENT HOTELS LTD,2493
GLOBALE TESSILE LIMITED,24932
MAHALAXMI FABRIC MILLS LT,24937
L&T FINANCE LIMITED,24948
SILGO RETAIL LIMITED,2495
IDEAL TECHNOPLAST IND LTD,24956
QVC EXPORTS LIMITED,24957
ORIENT PAPER AND INDS LTD,2496
ORIENT TECHNOLOGIES LTD,24961
SURAJ LIMITED,24966
WINDSOR MACHINES LIMITED,24969
ADANI ENTERPRISES LIMITED,25
BODAL CHEMICALS LTD,25017
INDIAN PHOSPHATE LIMITED,25033
JAY BEE LAMINATIONS LTD,25037
PREMIER ENERGIES LIMITED,25049
VDEAL SYSTEM LIMITED,25054
ECOS (INDIA) MOB & HOSP L,25060
AERON COMPOSITE LIMITED,25065
PARAMATRIX TECHNOLOGIES L,25069
RAYMOND LIFESTYLE LIMITED,25073
TREE HOUSE EDU LTD,25082
ASAHI SONGWON COLOR LTD,25088
BAAZAR STYLE RETAIL LTD,25114
BOSS PACKAGING SOLU LTD,25119
BCL INDUSTRIES LIMITED,2513
GALA PRECISION ENG LTD,25134
BROOKS LAB LIMITED,25136
OSWAL AGRO MILLS LTD,2514
JEYYAM GLOBAL FOODS LTD,25147
REVATHI EQUIPMENT INDIA L,25157
EUREKA FORBES LIMITED,25162
NAMO EWASTE MANAGEMENT L,25167
TD POWER SYSTEMS LTD.,25178
SHREE TIRUPATI BALAJEE L,25203
MY MUDRA FINCORP LIMITED,25211
SANOFI CONS HEALTHC IND L,25222
VISION INFRA EQUIP SOL L,25231
XTGLOBAL INFOTECH LIMITED,25235
SHUBHSHREE BIOFUELS ENE L,25240
GAJANAND INTERNATIONAL L,25244
ADITYA ULTRA STEEL LTD,25251
KROSS LIMITED,25252
TOLINS TYRES LIMITED,25262
BAJAJ HOUSING FINANCE LTD,25270
SPP POLYMER LIMITED,25306
CONTINENTAL SEED CHEM LTD,2531
P N GADGIL JEWELLERS LTD,25312
INNOMET ADVANCED MATERI L,25320
EXCELLENT WIRES N PACK L,25324
ALEMBIC PHARMA LTD,25328
VASWANI IND LTD,25344
P&G HYGIENE & HEALTH CARE,2535
PG ELECTROPLAST LTD,25358
OSEL DEVICES LIMITED,25389
PANAMA PETROCHEM LTD,25392
ARKADE DEVELOPERS LIMITED,25398
WESTERN CARRIERS (IND) L,25403
PELATRO LIMITED,25408
ENVIROTECH SYSTEMS LTD,25412
DECCAN TRANSCON LEASING L,25421
NORTHERN ARC CAPITAL LTD,25426
PARAMOUNT SPECIALI FORG L,25431
KALANA ISPAT LIMITED,25443
PAISALO DIGITAL LIMITED,25468
TIJARIA POLYPIPES LTD,25482
ONELIFE CAP ADVISORS LTD,25492
NIRAJ CEMENT STRUC LTD,255
INDO US BIOTECH LTD,25503
FLEXITUFF VENTURES INT L,25512
PHOENIX OVERSEAS LIMITED,25513
AVI ANSH TEXTILE LIMITED,25520
BIKEWO GREEN TECH LIMITED,25524
S D RETAIL LIMITED,25528
SHAKTI PUMPS (I) LTD,25574
TRIVENI TURBINE LIMITED,25584
MANBA FINANCE LIMITED,25597
WOL 3D INDIA LIMITED,25602
INDO THAI SEC LTD,25608
RAPPID VALVES (INDIA) LTD,25610
HUHTAMAKI INDIA LIMITED,2562
U. Y. FINCORP LIMITED,25626
UNILEX COLOURS AND CHEM L,25633
ESSAR SHIPPING LTD,25634
KRN HEAT EXCHANGE N REF L,25643
THINKING HATS ENTER SOL L,25648
TECHERA ENGINEER (IND) L,25652
FORGE AUTO INTERNATION L,25667
SAHASRA ELECTRONIC SOLU L,25668
DIFFUSION ENGINEERS LTD,25672
DIVYADHAN RECYCLING IND L,25677
JAIN DVR EQUITY SHARES,25684
DYNACONS SYS & SOLN LTD,25690
HVAX TECHNOLOGIES LIMITED,25708
SAJ HOTELS LIMITED,25712
PARAMOUNT DYE TEC LIMITED,25716
POLY MEDICURE LIMITED,25718
RUPA & COMPANY LTD,25724
SHANKAR LAL RAMPAL LTD,25740
VIKAS ECOTECH LIMITED,25756
APL APOLLO TUBES LTD,25780
KANANI INDUSTRIES LTD,25786
GARUDA CONSTRUCT N ENG L,25800
LLOYDS ENTERPRISES LTD,25807
PRANIK LOGISTICS LIMITED,25818
VINTAGE COFFEE N BVRGS L,25835
HYUNDAI MOTOR INDIA LTD,25844
AFFORD ROBO & AUTO LTD,25855
LAKSHYA POWERTECH LIMITED,25860
FRESHARA AGRO EXPORTS LTD,25868
MORARJEE TEXTILES LIMITED,25876
ANKIT MET & POW LTD,25878
IMPEX FERRO TECH LIMITED,25881
MEP INFRA. DEVELOPERS LTD,25882
DEEPAK BUILDERS & ENG I L,25892
MINDA CORPORATION LTD,25897
PREMIUM PLAST LIMITED,25898
WAAREE ENERGIES LIMITED,25907
OCCL LIMITED,25918
OBSC PERFECTION LIMITED,25923
DANISH POWER LIMITED,25927
UNITED HEAT TRANSFER LTD,25935
GODAVARI BIOREFINERIES L,25941
3P LAND HOLDINGS LIMITED,2595
USHA FINANCIAL SERVICES L,25952
AFCONS INFRASTRUCTURE LTD,25977
AMJ LAND HOLDINGS LIMITED,2598
ADITYA VISION LIMITED,25984
PARTY CRUISERS LIMITED,2599
LEMON TREE HOTELS LTD,2606
PEARL POLYMERS LTD,2610
HERANBA INDUSTRIES LTD,2614
SEAMEC LIMITED,2616
ATUL LTD,263
PFIZER LTD,2643
DRC SYSTEMS INDIA LIMITED,2645
PCBL CHEMICAL LIMITED,2649
PIDILITE INDUSTRIES LTD,2664
VERA SYNTHETIC LIMITED,2666
POLYPLEX CORPORATION LTD,2687
GACM TECHNOLOGIES LIMITED,27
CHEMCON SPECIAL CHEM LTD,270
HEXA TRADEX LIMITED,27008
A B INFRABUILD LIMITED,27020
TRIB BHIMJI ZAVERI LTD,27037
MASTER TRUST LIMITED,27047
PRAJ INDUSTRIES LTD,2705
SAGILITY LIMITED,27052
ACME SOLAR HOLDINGS LTD,27061
SWIGGY LIMITED,27066
VARDHMAN SPC STEEL LTD,27067
K.P. ENERGY LIMITED,27079
PRAKASH INDUSTRIES LTD,2708
KNOWLEDGE MARINE & EN W L,27084
MTAR TECHNOLOGIES LIMITED,2709
SWAN CORP LIMITED,27095
NIVA BUPA HEALTH INS CO L,27097
SPECIALITY REST LTD,27107
NEELAM LINENS & GAR (I) L,27123
ONYX BIOTEC LIMITED,27136
BLACKBUCK LIMITED,27144
BTRFLY GANDHI APPL LTD,2716
CINELINE INDIA LIMITED,27161
PRECISION WIRES INDIA LTD,2717
RACL GEARTECH LIMITED,27171
NTPC GREEN ENERGY LIMITED,27176
ENVIRO INFRA ENGINEERS L,27213
LAMOSAIC INDIA LIMITED,27218
INNOVATIVE TYRE & TUBE LT,27266
RAJPUTANA BIODIESEL LTD,27269
C2C ADVANCED SYSTEMS LTD,27277
ABHA POWER N STEEL LTD,27287
APEX ECOTECH LIMITED,27288
RATTANINDIA ENT LIMITED,27297
SAMPANN UTPADAN INDIA LTD,27303
AGARWAL TOUGH GLASS IND L,27309
SURAKSHA DIAGNOSTIC LTD,27334
GANESH INFRAWORLD LIMITED,27339
ROSSELL TECHSYS LIMITED,27353
PRISM JOHNSON LIMITED,2739
AUROBINDO PHARMA LTD,275
ODIGMA CONSULTANCY SOL L,27575
EMERALD TYRE MANUF LTD,27629
GENERAL INS CORP OF INDIA,277
DHANLAXMI CROP SCIENCE L,27723
INNOVANA THINKLABS LTD,27773
AUTOMOTIVE AXLES LIMITED,278
JUBILANT INGREVIA LIMITED,2783
SAI LIFE SCIENCES LIMITED,27839
EASY TRIP PLANNERS LTD,2792
RSWM LIMITED,2794
VISHAL MEGA MART LIMITED,27969
CHEMFAB ALKALIS LIMITED,2799
PURPLE UNITED SALES LTD,28044
ONE MOBIKWIK SYSTEMS LTD,28046
SUPREME FACILITY MGMT LTD,28069
RAJSHREE SUGAR & CHEMICAL,2809
INVENTURUS KNOWLEDGE SO L,28125
ARVEE LABORATORIES I LTD,2814
RALLIS INDIA LTD,2816
ANUPAM RASAYAN INDIA LTD,2829
ANUH PHARMA LIMITED,28314
RANA SUGARS LTD.,2837
INTERNATIO GEMM INS (I) L,28378
MAHICKRA CHEMICAL LIMITED,2839
LAXMI ORGANIC INDUS LTD,2841
RANE HOLDINGS LIMITED,2844
CRAFTSMAN AUTOMATION LTD,2854
IDENTICAL BRAINS STUDIO L,28574
RAYMOND LTD,2859
SHREE RAM PROTEINS LTD.,28635
RASHTRIYA CHEMICALS & FER,2866
DAM CAPITAL ADVISORS LTD,28662
HI-TECH PIPES LIMITED,2868
MAMATA MACHINERY LIMITED,28687
TRANSRAIL LIGHTING LTD,28714
CONCORD ENVIRO SYSTEMS L,28764
NEWMALAYALAM STEEL LTD,28801
SANATHAN TEXTILES LIMITED,28805
VENTIVE HOSPITALITY LTD,28847
RELIANCE INDUSTRIES LTD,2885
PROZONE REALTY LIMITED,28859
CARRARO INDIA LIMITED,28879
SENORES PHARMACEUTICALS L,28888
KITEX GARMENTS LTD,28899
MAYUR UNIQUOTERS LTD,28906
ROSSELL INDIA LIMITED,28913
DUCON INFRATECHNOLOGIES L,28952
UNIMECH AEROSPACE N MFG L,28960
ANYA POLYTECH & FERTI LTD,28983
TVS HOLDINGS LIMITED,29008
ARSHIYA LIMITED,29015
CEREBRA INT TECH LTD,29016
INDO FARM EQUIPMENT LTD,29025
ZUARI AGRO CHEMICALS LTD,29050
STANDARD GLASS LIN TECH L,29075
QUADRANT FUTURE TEK LTD,29087
RICO AUTO INDUSTRIES LTD,2909
DELTA AUTOCORP LIMITED,29092
DDEV PLASTIKS IND LTD,29098
CARE RATINGS LIMITED,29113
RELIANCE INDUSTRIAL INFRA,2912
PC JEWELLER LTD,29124
INDUS TOWERS LIMITED,29135
NAVKAR URBANSTRUCTURE LTD,29149
SAT KARTAR SHOPPING LTD,29151
LAXMI DENTAL LIMITED,29171
BARFLEX POLYFILMS LIMITED,29176
KABRA JEWELS LIMITED,29192
STALLION IND FLUOROCHEM L,29204
SITI NETWORKS LIMITED,29210
ONESOURCE SPECL PHARMA L,29224
EMA PARTNERS INDIA LTD,29229
ITC HOTELS LIMITED,29251
DENTA WATER N INFRA SOL L,29256
REXPRO ENTERPRISES LTD,29270
VMART RETAIL LTD,29284
THE RUBY MILLS LTD,2939
MOHIT INDUSTRIES LTD,29427
SUPREME HOLDIN N HOSP I L,29439
DR AGARWALS HEALTH CARE L,29452
MOSCHIP TECHNOLOGIES LTD,29459
PROTEAN EGOV TECHNO LTD,29472
MAGELLANIC CLOUD LIMITED,29482
NIBE LIMITED,29487
ORCHASP LIMITED,29492
S&S POWER SWITCHGEARS LTD,2951
CHAMUNDA ELECTRICAL LTD,29541
KEN ENTERPRISES LIMITED,29547
KALYAN JEWELLERS IND LTD,2955
READYMIX CONSTRU MACHI L,29564
NATURAL CAPSULES LIMITED,29583
JUBILANT AGRI N CON PRO L,29592
ELEGANZ INTERIORS LIMITED,29595
REPCO HOME FINANCE LTD,29598
AJAX ENGINEERING LIMITED,29624
STEEL AUTHORITY OF INDIA,2963
CHANDAN HEALTHCARE LTD,29636
MAXVOLT ENERGY INDUS L,29645
VOLER CAR LIMITED,29661
P S RAJ STEELS LIMITED,29662
HEXAWARE TECHNOLOGIES LTD,29666
INDEF MANUFACTURING LTD,29678
SAKTHI SUGARS LTD,2969
SURYODAY SMALL FIN BK LTD,2970
QUALITY POWER ELEC EQUP L,29711
ORIENT ELECTRIC LIMITED,2972
TEJAS CARGO INDIA LIMITED,29726
ROYAL ARC ELECTRODES LTD,29727
GUJARAT THEMIS BIOSYN LTD,29731
NRB INDUS. BEARINGS LTD.,29733
ORTIN GLOBAL LIMITED,2980
HP TELECOM INDIA LIMITED,29875
VISAGAR POLYTEX LTD,29877
SANDESH LTD,2988
CALSOFT RS.2.50 PPD UP,29958
JUSTDIAL LTD.,29962
SANGHI INDUSTRIES LTD,2997
WONDERLA HOLIDAYS LTD.,3002
ATUL AUTO LIMITED,30023
BALAJI PHOSPHATES LIMITED,30033
SUVIDHAA INFOSERVE LTD,3005
ORIENT CEMENT LTD.,30089
KOHINOOR FOODS LIMITED,3009
ADITYA BIRLA FASHION & RT,30108
SAMMAAN CAPITAL LIMITED,30125
PRABHA ENERGY LIMITED,30134
SAURASHTRA CEMENT LIMITED,3018
CURA TECHNOLOGIES LIMITED,30191
SAVITA OIL TECHNOLO. LTD,3021
JINDAL SAW LIMITED,3024
BHARAT SEATS LIMITED,30244
ISHAN DYES N CHEMICALS L,30252
DIVINE HIRA JEWELLERS LTD,30259
GRAND CONTINENT HOTELS L,30289
INTEGRA ESSENTIA LIMITED,30323
STATE BANK OF INDIA,3045
SPECTRUM ELECTRIC IND LTD,30455
RAPID FLEET MGT SERVICE L,30460
ACTIVE INFRASTRUCTURES L,30464
SHIPPING CORP OF INDIA LT,3048
FUTURE ENTERPRISES LTD,30491
BAJAJ HOLDINGS & INVS LTD,305
VEDANTA LIMITED,3063
SESHASAYEE PAPER & BOARDS,3066
SHANTHI GEARS LTD,3078
BAJAJ HINDUSTHAN SUGAR LT,308
PIL ITALICA LIFESTYLE LTD,30835
INDOSTAR CAPITAL FIN LTD,3088
SHREE DIGVIJAY CEM CO LTD,3099
THOMAS SCOTT (INDIA) LTD,31017
SHREE CEMENT LIMITED,3103
DB (INT) STOCK BROKERS,31107
COMPUCOM SOFTWARE LTD,31138
RHI MAGNESITA INDIA LTD,31163
MULTI COMMODITY EXCHANGE,31181
TUBE INVEST OF INDIA LTD,312
SCHNEIDER ELECTRIC INFRA,31234
NANDAN DENIM LIMITED,31258
SHREYANS INDUSTRIES LTD,3126
BARBEQUE NATION HOSP. LTD,3127
TRANSWORLD SHIP LINES LTD,3129
HONDA I POWER PRODUCT LTD,3138
MT EDUCARE LTD,31413
NBCC (INDIA) LIMITED,31415
LYPSA GEMS & JEWEL LTD,31468
ORBIT EXPORTS LIMITED,31479
SIDDHIKA COATINGS LIMITED,3148
BOROSIL RENEWABLES LTD,3149
SIEMENS LTD,3150
JIND POL INV & FIN CO LTD,31507
SIMPLEX INFRASTRUCTURES L,3162
BAJAJ FINANCE LIMITED,317
SREELEATHERS LIMITED,31837
SKF INDIA LTD,3186
V MARC INDIA LIMITED,3188
LODHA DEVELOPERS LIMITED,3220
JTEKT INDIA LIMITED,3237
ANGEL ONE LIMITED,324
NITIRAJ ENGINEERS LTD,3247
SPIC LTD,3252
SRF LTD,3273
TEMBO GLOBAL IND LTD,3275
STAR PAPER MILLS LTD,3291
DEEP INDUSTRIES LIMITED,3292
MODISON LIMITED,3316
SPML INFRA LIMITED,3321
SUBROS LIMITED,3324
SUDARSHAN CHEMICAL INDS L,3327
ISGEC HEAVY ENG LTD,3329
SUNDARAM FINANCE LTD,3339
VALIANT ORGANICS LIMITED,334
SUNDRAM FASTENERS LTD,3345
SUNFLAG IRON AND STEEL CO,3348
BALKRISHNA IND. LTD,335
SUN PHARMACEUTICAL IND L,3351
SUPER SPINNING MILLS LTD,3357
SUPREME INDUSTRIES LTD,3363
SURYA ROSHNI LTD,3375
BALMER LAWRIE & CO LTD,338
SWARAJ ENGINES LTD,3384
SML ISUZU LIMITED,3387
AGARWAL INDS CORP LTD.,3389
TAINWALA CHEMICAL AND PLA,3396
ADOR WELDING LTD,34
AJOONI BIOTECH LIMITED,3403
TATA CHEMICALS LTD,3405
BALRAMPUR CHINI MILLS LTD,341
TATA ELXSI LIMITED,3411
HONEYWELL AUTOMATION IND,3417
COMPUTER AGE MNGT SER LTD,342
TATA POWER CO LTD,3426
TATA CONSUMER PRODUCT LTD,3432
BLACK BOX LIMITED,3435
TATA MOTORS LIMITED,3456
TOURISM FINANCE CORP. OF,3466
BANARAS BEADS LTD,347
THERMAX LTD,3475
THOMAS COOK (INDIA) LTD,3481
CHAMAN LAL SETIA EXP LTD,3482
TIL LTD,3484
THIRUMALAI CHEMICALS LTD,3496
TATA STEEL LIMITED,3499
BANNARI AMMAN SUGARS LTD,350
TITAN COMPANY LIMITED,3506
TORRENT PHARMACEUTICALS L,3518
TTK PRESTIGE LTD,3546
EQUIPPP SOC IMP TECH LTD,3553
ADANI GREEN ENERGY LTD,3563
NIPPON L I A M LTD,357
UCAL LIMITED,3570
UNICHEM LABORATORIES LTD,3579
MOKSH ORNAMENTS LIMITED,3586
UNIVERSAL CABLES LTD,3607
JUBILANT PHARMOVA LTD,3637
VARDHMAN POLYTEX LTD.,3646
RAJ OIL MILLS LIMITED,366
SOLARA ACTIVE PHA SCI LTD,3672
VESUVIUS INDIA LTD,3676
BASF INDIA LTD,368
VINDHYA TELELINKS LTD,3694
GAYATRI HIGHWAYS LIMITED,3699
VIP INDUSTRIES LTD,3703
BATA INDIA LTD,371
VLS FINANCE LTD,3715
VOLTAS LTD,3718
TATA COMMUNICATIONS LTD,3721
VST INDUSTRIES LTD,3724
ANMOL INDIA LIMITED,3727
WALCHANDNAGAR INDUSTRIES,3736
FINE ORGANIC IND. LTD.,3744
WEIZMANN LTD,3748
VENKY S (INDIA) LIMITED,3757
RITES LIMITED,3761
WHEELS INDIA LTD,3766
WILLIAMSON MAGOR,3772
WIPRO LTD,3787
WEST COAST PAPER MILLS LT,3799
BOMBAY BURMAH TRADING COR,380
VINEET LABORATORIES LTD,3807
SINTERCOM INDIA LIMITED,381
ZEE ENTERTAINMENT ENT LTD,3812
ARIHANT CAPITAL MKTS LTD,3813
ZODIAC CLOTHING CO. LTD.,3821
ZUARI INDUSTRIES LIMITED,3827
BHARAT ELECTRONICS LTD,383
BHARAT RASAYAN LTD,3834
TOKYO PLAST INTL LTD,3837
MAHINDRA LOGISTIC LIMITED,385
VARROC ENGINEERING LTD.,3857
SOMANY CERAMICS LIMITED,3880
HATSUN AGRO PRODUCT LTD.,3892
CAPLIN POINT LAB LTD.,3906
PREMIER POLYFILM LTD,3908
KHAITAN (INDIA)LTD.,3912
NATCO PHARMA LTD.,3918
GLOBE TEXTILES (I) LTD.,393
BEML LIMITED,395
JAKHARIA FABRIC LIMITED,3950
GOCL CORPORATION LIMITED,3963
REMSONS INDUSTRIES LTD,3965
PARAS PETROFILS LTD.,3972
TAMILNADU NEWSPRT & PAPER,3980
GREENPLY INDUSTRIES LTD,3987
THE NEW INDIA ASSU CO LTD,399
21ST CENTURY MGMT SERVICE,4
AEGIS LOGISTICS LIMITED,40
CORAL INDIA FIN & HOUS LT,4007
NAVA LIMITED,4014
AUSOM ENTERPRISE LIMITED,4037
BERGER PAINTS (I) LTD,404
EIMCO ELECON (INDIA) LTD,4040
JAYANT AGRO ORGANICS LTD,4041
PANACEA BIOTEC LTD,4055
MARICO LIMITED,4067
AMBANI ORGOCHEM LIMITED,4083
SIL INVESTMENTS LIMITED,4105
HB STOCKHOLDINGS LIMITED,4118
SAMBHAAV MEDIA LTD,4127
REGENCY CERAMICS LTD.,4130
BIOFIL CHEM & PHARMA LTD,4136
KEYNOTE FIN SERV LTD.,4157
ZENITH EXPORTS LTD,4176
SUNDARAM BRAK LININGS LTD,4179
SANGAM (INDIA) LTD,4184
BHANSALI ENG. POLYMERS LT,419
SAMVRDHNA MTHRSN INTL LTD,4204
USHANTI COLOUR CHEM LTD,4212
BHARAT FORGE LTD,422
WENDT (INDIA) LIMITED,4235
HDFC AMC LIMITED,4244
KHADIM INDIA LIMITED,425
BHARAT GEARS LTD.,426
DE NORA INDIA LIMITED,4279
BDR BUILDCON LIMITED,4294
STERLING TOOLS LIMITED,4299
SHRIRAM FINANCE LIMITED,4306
PUNJAB CHEM & CROP PROT L,4344
IFGL REFRACTORIES LIMITED,436
BHEL,438
GULF OIL LUB. IND. LTD.,4391
MIRZA INTERNATIONAL LIMIT,4394
JAGSONPAL PHARMACEUTICALS,4410
CREDITACCESS GRAMEEN LTD,4421
INDIAN CARD CLOTHING CO.,4422
5PAISA CAPITAL LIMITED,445
ELECTROTHERM (I) LTD.,4469
AARTI DRUGS LTD.,4481
ALKYL AMINES CHEM. LTD,4487
JOHNSON CONTROLS HITACHI,4491
MPHASIS LIMITED,4503
SIGNET INDUSTRIES LIMITED,4522
DYNAMATIC TECHNOLOGIES,4525
GUJARAT RAFFIA INDUST LTD,4548
RUCHI INFRASTRUCTURE LTD,4566
ATLAS CYCLE (HARYANA) LTD,4568
RAMCO INDUSTRIES LIMITED,4587
KOTHARI PETROCHEM LTD,4594
HERITAGE FOODS LTD,4598
SANWARIA CONSUMER LIMITED,46
ABHISHEK INTEGRATIONS LTD,4626
SHIVALIK BIMETAL CON. LTD,4656
BANK OF BARODA,4668
HDFC LIFE INS CO LTD,467
SONA BLW PRECISION FRGS L,4684
SHYAM METALICS AND ENGY L,4693
OSWAL GREENTECH LIMITED,471
GAIL (INDIA) LTD,4717
3M INDIA LIMITED,474
BANK OF INDIA,4745
INDIA NIPPON ELECT  LTD,4747
CONTAINER CORP OF IND LTD,4749
INDRAPRASTHA MEDICAL CORP,4751
BIRLA CABLE LIMITED,477
TCI FINANCE LTD,4771
DCM FINANCIAL SERVICES LT,4775
RELIANCE INFRASTRUCTU LTD,4791
HAPPIEST MINDS TECHNO LTD,48
BIRLA CORPORATION LTD,480
KCP SUGAR IND CORP LTD.,4809
ANI INTEGRATED SERV LTD.,482
DODLA DAIRY LIMITED,4822
SNOWMAN LOGISTICS LTD.,4843
KRISHNA INST OF MED SCI L,4847
ICE MAKE REFRIGERAT LTD,489
SAREGAMA INDIA LIMITED,4892
FDC LIMITED,4898
ENGINEERS INDIA LTD,4907
MADRAS FERTILISERS LTD,4911
HINDCON CHEMICALS LIMITED,4920
INDIA PESTICIDES LIMITED,4934
BLUE DART EXPRESS LTD,495
ADROIT INFOTECH LIMITED,4953
GANGA FORGING LIMITED,4957
ICICI BANK LTD.,4963
IRCON INTERNATIONAL LTD,4986
SHARDA CROPCHEM LTD.,4992
GOENKA DIAMOND&JEWELS LTD,5010
WALPAR NUTRITIONS LIMITED,5013
SVP GLOBAL TEXTILES LTD,5020
CLEAN SCIENCE & TECH LTD,5049
G R INFRAPROJECTS LIMITED,5054
SHEMAROO ENTER. LTD.,5068
PULZ ELECTRONICS LIMITED,507
MAZAGON DOCK SHIPBUIL LTD,509
ETERNAL LIMITED,5097
KPI GREEN ENERGY LIMITED,5108
SYNERGY GREEN IND. LTD,5114
BOMBAY DYEING & MFG. CO L,513
CIGNITI TECHNOLOGIES LTD,5142
JAI CORP LIMITED,5143
TATVA CHIN PHARM CHEM LTD,5162
STYLAM INDUSTRIES LIMITED,5186
ANTARCTICA LTD,5194
GUJARAT MINERAL DEV CORP,5204
TAMILNADU PETROPRODUCTS L,5235
MAHA RASHTRA APEX COPR. L,5239
AAREY DRUGS & PHARM LTD,5248
INDUSIND BANK LIMITED,5258
BHARAT PETROLEUM CORP  LT,526
PDS LIMITED,5264
ALIVUS LIFE SCIENCES LTD,5265
UTI ASSET MNGMT CO LTD,527
ROLEX RINGS LIMITED,5279
PRITIKA AUTO INDUS LTD,5292
BPL LTD,530
REX PIPES AND CABLES LTD,5312
UGRO CAPITAL LIMITED,5313
EXXARO TILES LIMITED,5352
KRSNAA DIAGNOSTICS LTD,5359
WINDLAS BIOTECH LIMITED,5366
DEVYANI INTERNATIONAL LTD,5373
ASAHI INDIA GLASS LIMITED,5378
EPIGRAL LIMITED,5382
AAVAS FINANCIERS LIMITED,5385
MEGHMANI ORGANICS LIMITED,5394
NAKODA GROUP OF IND. LTD,5401
CARTRADE TECH LIMITED,5407
NUVOCO VISTAS CORP LTD,5426
TRIGYN TECHNOLOGIES LTD,5428
APTUS VALUE HSG FIN I LTD,5435
CHEMPLAST SANMAR LIMITED,5449
DUDIGITAL GLOBAL LIMITED,5457
PARIN ENTERPRISES LIMITED,5460
BRITANNIA INDUSTRIES LTD,547
GARDEN REACH SHIP&ENG LTD,5475
YUKEN INDIA LIMITED,5501
SERVOTECH REN POW SYS LTD,5507
NANDANI CREATION LIMITED,5516
KOTHARI PRODUCTS LTD,5528
ABM INTERNATIONAL LTD,5551
ACUTAAS CHEMICALS LIMITED,5578
VIJAYA DIAGNOSTIC CEN LTD,5585
BSL LTD,559
INTL CONVEYORS LIMITED,5606
ASTRAZENECA PHARMA IND LT,5610
GANESH BENZOPLAST LIMITED,5614
CEMINDIA PROJECTS LIMITED,5622
J & K BANK LTD.,5633
PAR DRUGS AND CHEM LTD,5637
ONWARD TECHNOLOGIES LTD.,5647
SHANTI OVERSEAS INDIA LTD,5650
BEW ENGINEERING LIMITED,5662
ARCHIES LTD,5688
CITY UNION BANK LTD,5701
FELIX INDUSTRIES LTD.,573
CYIENT LIMITED,5748
SANSERA ENGINEERING LTD,5751
LIKHITHA INFRASTRUC LTD,578
CAN FIN HOMES LTD,583
LAGNAM SPINTEX LIMITED,5865
QUADPRO ITES LIMITED,5870
PRECOT LIMITED,5884
AXIS BANK LIMITED,5900
PARAS DEF AND SPCE TECH L,5911
GRAPHITE INDIA LTD,592
INTELLECT DESIGN ARENA,5926
MONTE CARLO FASHIONS LTD.,5938
ULTRA WIRING CONN SYS LTD,5945
THE SOUTH INDIAN BANK LTD,5948
CARBORUNDUM UNIVERSAL LTD,595
COASTAL CORPORATION LTD,6006
JAINAM FER ALLOYS (I) LTD,6012
ADIT BIRL SUN LIF AMC LTD,6018
EURO (I) FRESH FOODS LTD,6042
PASUPATI ACRYLON LIMITED,6045
CYBERTECH SYSTEMS & SOFTW,6051
BOMBAY METRICS S C LTD,6052
ADANI TOTAL GAS LIMITED,6066
AIRO LAM LIMITED,6068
DYNAMIC SRVCS & SEC LTD,6079
DESTINY LOGISTICS & I LTD,6087
GOODLUCK INDIA LIMITED,6125
DIGJAM LTD,6136
PANSARI DEVELOPERS LTD,6141
ART NIRMAN LIMITED,6159
BHAGIRADHA CHEM & INDS L,6164
CENTURY ENKA LTD,619
FINEOTEX CHEMICAL LIMITED,6198
CAMLIN FINE SCIENCES LTD,6216
SIKKO INDUSTRIES LIMITED,6218
DHUNSERI TEA & IND. LTD.,6227
3I INFOTECH LIMITED,6232
PREMIER LIMITED,6248
D K ENTERPRISES GLOBAL L,6249
ADITYA BIRLA REAL EST LTD,625
ROLTA INDIA LTD,6258
SEL MANUFACTURING CO LTD,6262
PVP VENTURES LIMITED,6273
MEDICAMEN BIOTECH LIMITED,6278
CESC LTD,628
GULSHAN POLYOLS LIMITED,6286
APOLLO SINDOORI HOTEL LTD,6302
IGARASHI MOTORS INDIA LTD,634
NATIONAL ALUMINIUM CO LTD,6364
CHAMBAL FERTILIZERS LTD,637
COUNTRY CLUB HOSP HOL LTD,6385
LAMBODHARA TEXTILES LTD.,6407
DILIGENT MEDIA CORP LTD.,641
KRITI INDUSTRIES IND LTD,6417
MANGALAM ORGANICS LIMITED,6422
AIRTEL RS. 1.25 PPD UP,6435
KOTYARK INDUSTRIES LTD,6444
TECHNO ELEC & ENG CO. LTD,6445
SHUBHLAXMI JEWEL ART LTD,6451
IRIS BUSINESS SERV LTD,6501
GRP LIMITED,6543
FSN E COMMERCE VENTURES,6545
LAXMI COTSPIN LIMITED,6568
FINO PAYMENTS BANK LTD,6579
NIDAN LABS AND HEALTH LTD,6592
SONATA SOFTWARE LTD,6596
GENUS P&B LIMITED,6600
SJS ENTERPRISES LIMITED,6643
PB FINTECH LIMITED,6656
SIGACHI INDUSTRIES LTD,6663
FOODS & INNS LIMITED,6673
DRS DILIP ROADLINES LTD.,6686
ONE 97 COMMUNICATIONS LTD,6705
IL&FS INVESTMENT MANAGERS,6711
MOLD-TEK PACKAGING LTD,6713
SAPPHIRE FOODS INDIA LTD,6718
JINDAL STEEL LIMITED,6733
EXIDE INDUSTRIES LTD,676
INDO-NATIONAL LIMITED,6782
SBC EXPORTS LIMITED,6792
STEELCAST LIMITED,6803
LATENT VIEW ANALYTICS LTD,6818
FOCUS LIGHTG & FIXTRS LTD,6836
SARTHAK METALS LIMITED,6843
GREENLAM INDUSTRIES LTD.,6848
CHOLAMANDALAM IN & FIN CO,685
MIRCELECTR-DEPO,6853
DHRUV CONSULTANCY SER LTD,6858
BAJAJ HEALTHCARE LIMITED,6863
VISHNU CHEMICALS LIMITED,6908
RAJSHREE POLYPACK LTD,6913
CIPLA LTD,694
TARSONS PRODUCTS LIMITED,6943
GANESHA ECOSPHERE LIMITED,6944
LINC LIMITED,6955
MENON BEARINGS LIMITED,6961
GO FASHION INDIA LTD,6964
DMCC SPECIALITY CHEMICALS,6973
ICDS LTD,6977
BIRLASOFT LIMITED,6994
AARTI INDUSTRIES LTD,7
HEMISPHERE PROP IND LTD,701
SHIVALIK RASAYAN LIMITED,7016
DIC INDIA LIMITED,703
ASIAN ENERGY SERVICES LTD,7030
HESTER BIOSCIENCES LTD,7048
ACCELYA SOLN INDIA LTD,7053
SHRADHA INFRAPROJECTS LTD,708
STAR HEALTH & AL INS CO L,7083
SEJAL GLASS LIMITED,7091
TEGA INDUSTRIES LIMITED,7105
JULLUNDUR MOT AGENCY LTD,7109
ZODIAC ENERGY LIMITED,7138
SHALBY LIMITED,714
ANAND RATHI WEALTH LTD,7145
HEUBACH COLORANTS IND LTD,715
MIC ELECTRONICS LTD,7169
RATEGAIN TRAVEL TECHN LTD,7177
SHRIRAM PROPERTIES LTD,7200
JET FREIGHT LOGISTICS LTD,7211
C.E. INFO SYSTEMS LIMITED,7227
HCL TECHNOLOGIES LTD,7229
METRO BRANDS LIMITED,7242
MEDPLUS HEALTH SERV LTD,7254
JTL INDUSTRIES LIMITED,7287
DCM SHRIRAM IND LTD,7325
DATA PATTERNS INDIA LTD,7358
STRIDES PHARMA SCI LTD,7374
HP ADHESIVES LIMITED,7376
FOCE INDIA LIMITED,7385
COROMANDEL INTERNTL. LTD,739
SUPRIYA LIFESCIENCE LTD,7390
RAJESH EXPORTS LTD,7401
GLENMARK PHARMACEUTICALS,7406
MAN COAT METAL & IND LTD,7413
COSMO FIRST LIMITED,742
MANAK ALUMINIUM CO. LTD.,7420
HEC INFRA PROJECTS LTD,7425
NILA SPACES LIMITED,7450
MANAKSIA STEELS LTD,7482
WOCKHARDT LIMITED,7506
ZEN TECHNOLOGIES LIMITED,7508
TREJHARA SOLUTIONS LTD,7518
LCC INFOTECH LTD,7529
NRB BEARING LIMITED,7553
CAPITAL INDIA FINANCE LTD,756015
TINNA RUBBER AND INFR LTD,756020
WAAREE RENEWABLE TECH LTD,756038
NETWORK PEOPLE SRV TECH L,756324
TANKUP ENGINEERS LIMITED,756338
UNITED POLYFAB GUJ. LTD.,7564
ATC ENERGIES SYSTEM LTD,756402
SHRI AHIMSA NATURALS LTD,756409
KRISHIVAL FOODS LIMITED,756784
OSWAL PUMPS LIMITED,756802
FUSION RS.5 PPD UP,756833
ADITYA BIRLA LIFES BRAN L,756843
SAMAY PROJECT SERVICES L,756848
SIEMENS ENERGY INDIA LTD,756871
ARUNAYA ORGANICS LIMITED,756899
PRIMO CHEMICALS LIMITED,756925
SOLARA RS. 7 PPD UP,756939
MONOLITHISCH INDIA LTD,756961
PATIL AUTOMATION LIMITED,756963
CRISIL LTD,757
SCHLOSS BANGALORE LIMITED,757014
ACCRETION PHARMA LIMITED,757021
RAJOO ENGINEERS LIMITED,757049
VIRTUAL GALAXY INFOTECH L,757060
BELRISE INDUSTRIES LTD,757102
DAR CREDIT & CAPITAL LTD,757107
AEGIS VOPAK TERMINALS LTD,757336
LLOYD RS.0.50 PPD UP,757406
SACHEEROME LIMITED,757409
SCODA TUBES LIMITED,757478
N R VANDANA TEX IND LTD,757489
NEPTUNE PETROCHEMICALS L,757493
DIGITIDE SOLUTIONS LTD,757515
BLUSPRING ENTERPRISES LTD,757520
GANGA BATH FITTINGS LTD,757528
TRAVEL FOOD SERVICES LTD,757545
AAKAAR MEDICAL TECHNO LTD,757579
SAFE ENTER RETAIL FIX LTD,757583
MAYASHEEL VENTURES LTD,757587
INFLUX HEALTHTECH LIMITED,757605
ARISINFRA SOLUTIONS LTD,757614
SMARTEN POWER SYSTEMS LTD,757619
IWARE SUPPLYCHAIN SER LTD,757644
ATHER ENERGY LIMITED,757645
FISCHER MEDICAL VENTURE L,757658
HAPPY SQUARE OUTSOURC S L,757665
SILKY OVERSEAS LIMITED,757679
PUSHPA JEWELLERS LIMITED,757683
CEDAAR TEXTILE LIMITED,757687
SAVY INFRA AND LOGI LTD,757704
PICCADILY AGRO INDUSTRI L,757754
SUNTECH INFRA SOLUTIONS L,757763
SAMBHV STEEL TUBES LTD,757767
HDB FINANCIAL SERVICES L,757772
RAMA TELECOM LIMITED,757777
BRIGADE HOTEL VENTURE LTD,757794
INDOGULF CROPSCIENCES LTD,757801
PRO FX TECH LIMITED,757806
MOVING MEDIA ENTER LTD,757810
INDIQUBE SPACES LIMITED,757845
CRIZAC LIMITED,757850
TSC INDIA LIMITED,757858
GNG ELECTRONICS LIMITED,757862
SPUNWEB NONWOVEN LIMITED,757865
ANTHEM BIOSCIENCES LTD,757885
INTEGRITY INFRABUILD DE L,757902
BORANA WEAVES LIMITED,757919
BELLA CASA FASH AND RET L,757938
INFIBEAM RE.0.5 PPD UP,757943
EURO PANEL PRODUCTS LTD,757953
PASHUPATI COTSPIN LIMITED,757955
SMARTWORKS COWORKING SP L,757965
SELLOWRAP INDUSTRIES LTD,757982
CHEMBOND CHEMICAL LIMITED,757989
SHANTI GOLD INTERNATION L,758002
JEENA SIKHO LIFECARE LTD,758115
PERFECT INFRAENGINEER LTD,758121
CASH UR DRIVE MARKETING L,758129
GVPTECH RE.1 PPD UP,758136
SRI LOTUS DEVLPRS N RTY L,758145
M AND B ENGINEERING LTD,758150
RENOL POLYCHEM LIMITED,758157
PROSTARM INFO SYSTEMS LTD,758173
NIKITA PAPERS LIMITED,758178
BLUE WATER LOGISTICS LTD,758182
FLYSBS AVIATION LIMITED,758211
AARADHYA DISPOSAL INDUS L,758216
PARTH ELEC & ENG LTD,758220
JYOTI GLOBAL PLAST LTD,758221
BHADORA INDUSTRIES LTD,758225
JAINIK POWER CABLES LTD,758306
EPPELTONE ENGINEERS LTD,758346
SPANDANA RS.5 PPD UP,758420
MEDISTEP HEALTHCARE LTD,758423
ANB METAL CAST LIMITED,758427
SAWALIYA FOOD PRODUCTS L,758444
ALL TIME PLASTICS LIMITED,758448
CONNPLEX CINEMAS LIMITED,758453
JSW CEMENT LIMITED,758460
STUDIO LSD LIMITED,758527
RAYMOND REALTY LIMITED,758551
KALPATARU LIMITED,758558
ELLENBARRIE INDUS GASES L,758563
SHRI HARE-KRI SPO IRON L,758568
GLOBE CIVIL PROJECTS LTD,758572
EMKAY TOOLS LIMITED,758591
ARC INSULATION & INSU LTD,758670
EFC (I) LIMITED,758675
REGAAL RESOURCES LIMITED,758680
MAHENDRA REALTO & INFRA L,758685
ARFIN INDIA LIMITED,758703
CLASSIC ELECTRODE (IND) L,758736
ANONDITA MEDICARE LIMITED,758740
SHIVASHRIT FOODS LIMITED,758744
MANGAL ELECTRICAL IND L,758748
CYBERMEDIA RS.5 PPD UP,758822
LLOYD RE.0.50 PPD UP,758826
SG FINSERVE LIMITED,758853
ADITYA INFOTECH LIMITED,758858
LAXMI INDIA FINANCE LTD,758863
KAYTEX FABRICS LIMITED,758868
SG MART LIMITED,758889
VIGOR PLAST INDIA LIMITED,758898
OPTIVALUE TEK CONSULT LTD,758900
AMANTA HEALTHCARE LIMITED,758909
CAREER POINT EDUTECH LTD,758941
SNEHAA ORGANICS LIMITED,758946
STL NETWORKS LIMITED,758958
SATTVA ENGINEERING CSTN L,758960
CURRENT INFRAPROJECTS LTD,758964
ANLON HEALTHCARE LIMITED,758969
VIKRAN ENGINEERING LTD,758973
R&B DENIMS LIMITED,758981
GRETEX CORPORATE SERVICES,758986
ATLANTA ELECTRICALS LTD,759007
GANESH CONSUMER PRODUCT L,759012
IVALUE INFOSOLUTIONS LTD,759041
GK ENERGY LIMITED,759048
SIDDHI COTSPIN LIMITED,759056
SAATVIK GREEN ENERGY LTD,759057
RHETAN TMT LIMITED,759062
PRIME CABLE INDUSTRIES L,759075
DEV ACCELERATOR LIMITED,759080
URBAN COMPANY LIMITED,759084
GALAXY MEDICARE LIMITED,759092
SHRINGAR HOU OF MANGALS L,759093
HIGHWAY INFRASTRUCTURE L,759103
A B COTSPIN INDIA LIMITED,759130
TECHD CYBERSECURITY LTD,759141
VMS TMT LIMITED,759153
MANGALAM WORLDWIDE LTD,759169
TIGER LOGISTICS (INDIA) L,759176
BLUESTONE JEWEL LFSTL LTD,759291
PATEL RETAIL LIMITED,759439
SHREEJI SHIPPING GLOBAL L,759448
VIKRAM SOLAR LIMITED,759453
GEM AROMATICS LIMITED,759461
TAURIAN MPS LIMITED,759756
EURO PRATIK SALES LIMITED,759797
SOLARWORLD ENERGY SOL LTD,759929
SESHAASAI TECHNOLOGIES L,759934
MATRIX GEO SOLUTIONS LTD,759948
JARO INS OF TEC MG N RE L,759951
ANAND RATHI SH N STK BR L,759956
ECOLINE EXIM LIMITED,759964
CG POWER AND IND SOL LTD,760
CMS INFO SYSTEMS LIMITED,7603
VIVO COLLAB SOLUTIONS LTD,7610
ALPS INDUSTRIES LTD.,7623
SHREE RAMA MULTI TECH LTD,7634
IMAGICAAWORLD ENT LTD,7672
MONARCH NETWORTH CAP LTD,7679
DABUR INDIA LTD,772
ABAN OFFSHORE LTD.,7759
DSJ KEEP LEARNING LTD,778
BRAND CONCEPTS LIMITED,7783
UNIINFO TELECOM SERVI LTD,7791
TIMESCAN LOGISTICS IND L,7806
DALMIA BHARAT SUG IN LTD,781
WONDER ELECTRICALS LTD,7835
BHARTIYA INTERNATIONAL,7848
RAMCO SYSTEMS LTD.,7851
INOX WIND LIMITED,7852
GE POWER INDIA LIMITED,7862
MAHALAXMI RUBTECH LIMITED,7886
ALEMBIC LIMITED,79
LAKSHMI FIN IND CORP LTD,7902
THE BYKE HOSPITALITY LTD,7919
ZYDUS LIFESCIENCES LTD,7929
AGS TRANSACT TECH LTD,7935
AVANTI FEEDS LIMITED,7936
PRECISION METALIKS LTD,7950
MALLCOM (INDIA) LIMITED,7965
GARWARE HI-TECH FILMS LTD,7982
CINEVISTA LIMITED,8024
SHIVA TEXYARN LIMITED,804
DCM LTD,805
MAHINDRA LIFESPACE DEVLTD,8050
KARNATAKA BANK LIMITED,8054
DALMIA BHARAT LIMITED,8075
CROWN LIFTERS LIMITED,8083
BOMBAY SUPER HYBRID SEEDS,809
BETA DRUGS LIMITED,81
DCM SHRIRAM LIMITED,811
AWL AGRI BUSINESS LIMITED,8110
RPSG VENTURES LIMITED,8119
AJANTA PHARMA LIMITED,8124
BLB LIMITED,8132
DEV INFO TECHNOLOGY LTD,8146
VISAKA INDUSTRIES LTD,8150
MEGASTAR FOODS LIMITED,8153
FIBERWEB INDIA LIMITED,8159
SPENCER S RETAIL LIMITED,8163
VEDANT FASHIONS LIMITED,8167
DCW LTD,817
SAGARDEEP ALLOYS LIMITED,8175
RICHA INFO SYSTEMS LTD,8208
BANKA BIOLOO LIMITED,822
VAIDYA SANE AYUR LAB LTD,8262
SOFTTECH ENGINEERS LTD,8266
DEEPAK FERTILIZERS & PETR,827
PRITI INTERNATIONAL LTD,8304
BLUE STAR LIMITED,8311
SHIGAN QUANTUM TECH LTD,8394
CALIFORNIA SOFTWARE CO LT,8400
SRI HAVISHA HOSP & INFR L,8417
VIPUL LIMITED,8424
R. S. SOFTWARE (INDIA) LI,8426
RAJ RAYON INDUSTRIES LTD,8428
JAYBHARATMARU-,8444
MITCON CON & ENG SER LTD,8469
SMVD POLY PACK LIMITED,847
XELPMOC DESIGN & TECH LTD,8477
TVS MOTOR COMPANY  LTD,8479
GATEWAY DISTRIPARKS LTD,8510
SURANI STEEL TUBES LTD.,8513
SP REFRACTORIES LIMITED,8521
GMR POW AND URBAN INFRA L,8529
CHALET HOTELS LIMITED,8546
BLUE COAST HOTELS LIMITED,8552
COOL CAPS INDUSTRIES LTD,8560
THE HI-TECH GEARS LIMITED,8568
DHAMPUR SUGAR MILLS LTD.,857
NLC INDIA LIMITED,8585
A B N INTERCORP LIMITED,8588
AKSH OPTIFIBRE LIMITED,8591
MOTHERSON SUMI WRNG IND L,8596
KN AGRI RESOURCES LIMITED,8602
SWARAJ SUITING LIMITED,8608
INDO BORAX & CHEMICAL LTD,8623
VETO SWITCHGEAR CABLE LTD,8652
DEBOCK INDUSTRIES LIMITED,8657
MUKTA ARTS LIMITED,8687
VRL LOGISTICS LIMITED,8696
IND SWIFT LABORATORIES LT,8706
SHAILY ENG PLASTICS LTD,8727
P. E. ANALYTICS LIMITED,8735
PNB GILTS LIMITED,8736
ASTRON PAPER BORD MIL LTD,874
KRISHNA DEF AND ALD IND L,8782
ORISSA BENGAL CARRIER LTD,8797
SONAM LIMITED,8806
DR. REDDY S LABORATORIES,881
PRIVI SPECIALITY CHE LTD,8825
AVRO INDIA LIMITED,8827
GUJARAT AMBUJA EXPORTS LT,8828
BRIGHTCOM GROUP LIMITED,8833
USHA MARTIN LTD.,8840
UMA EXPORTS LIMITED,8845
CHOICE INTERNATIONAL LTD,8866
VERANDA LEARNING SOL LTD,8890
UNITECH LIMITED,8893
MINDPOOL TECHNOLOGIES LTD,8900
E2E NETWORKS LIMITED,8937
RITCO LOGISTICS LIMITED,8944
ELDECO HSG & IND LTD.,8953
TATA TELESERV(MAHARASTRA),8954
KHAITAN CHEM & FERT LTD,896
HARDWYN INDIA LIMITED,8962
HARIOM PIPE INDUSTRIES L,8968
UMIYA BUILDCON LIMITED,8998
THE ANUP ENGINEERING LTD,9014
VAXTEX COTFAB LIMITED,9027
UFO MOVIEZ INDIA LTD.,9039
ROTO PUMPS LIMITED,9049
PIX TRANSMISSIONS LIMITED,9087
EICHER MOTORS LTD,910
SOMA TEXTILEI NDUSTRIES L,9104
AGRO PHOS INDIA LIMITED,9105
ARVIND FASHIONS LIMITED,9111
INDO AMINES LIMITED,9116
TIPS MUSIC LIMITED,9117
EQUITAS SMALL FIN BNK LTD,913
BALAJI TELEFILMS LIMITED.,9158
EID PARRY INDIA LTD,916
EIH LIMITED,919
TPL PLASTECH LIMITED,9219
NILA INFRASTRUCTURES LTD,9253
ORCHID PHARMA LIMITED,926
ARROW GREENTECH LIMITED,9260
ELECTROSTEEL CASTINGS LTD,928
KRITIKA WIRES LIMITED,9288
GINNIFILAMENTS LTD.,9294
STARTECK FINANCE LIMITED,9305
STERLITE TECHNOLOGIES LTD,9309
PRITISH NANDY COMMUNICATI,9346
INDIAN OVERSEAS BANK,9348
TAJ GVK HOTELS & RESORTS,9354
MSTC LIMITED,9356
D. P. ABHUSHAN LIMITED,936
CAMPUS ACTIVEWEAR LIMITED,9362
ELGI EQUIPMENTS LTD,937
LE MERITE EXPORTS LIMITED,9372
TRUCAP FINANCE LIMITED,9378
IL&FS ENG AND CONS CO LTD,9380
IL&FS TRANS NET LTD,9381
CREATIVE EYE LIMITED,9384
PNC INFRATECH LTD.,9385
PROCTER & GAMBLE HEALTH L,940
RAINBOW CHILDRENS MED LTD,9408
SILVER TOUCH TECHNO LTD,9422
SKIPPER LIMITED,9428
NORBEN TEA &EXPORTS LTD,9431
AXISCADES TECH LTD,9436
SONU INFRATECH LIMITED,9458
LIFE INSURA CORP OF INDIA,9480
SAKAR HEALTHCARE LIMITED,9539
ESAB INDIA LTD,955
RAIL VIKAS NIGAM LIMITED,9552
PRUDENT CORP ADV SER LTD,9553
AKSHAR SPINTEX LIMITED,9558
KHFM HOS FAC MANA SER LTD,9570
MAHESHWARI LOGISTICS LTD.,9576
ESCORTS KUBOTA LIMITED,958
METROPOLIS HEALTHCARE LTD,9581
POLYCAB INDIA LIMITED,9590
VENUS PIPES & TUBES LTD,9592
DELHIVERY LIMITED,9599
SUPREME PETROCHEM LIMITED,9617
KHANDWALA SECURITIES LTD,9641
RELIANCE CHEMOTEX IND LTD,9652
MEDICO REMEDIES LIMITED,9667
HIKAL LIMITED,9668
SUBEX LTD,967
SOUTH WEST PINNACLE LTD,9678
KPIT TECHNOLOGIES LIMITED,9683
TRIDENT LIMITED,9685
PARADEEP PHOSPHATES LTD,9741
ETHOS LIMITED,9750
EMUDHRA LIMITED,9756
GLOBESECURE TECHNO LTD,9764
EPL LIMITED,981
AETHER INDUSTRIES LIMITED,9810
HAVELLS INDIA LIMITED,9819
RACHANA INFRA LTD,9854
FIDEL SOFTECH LIMITED,9858
WE WIN LIMITED,9862
NEXT MEDIAWORKS LIMITED,9867
AION-TECH SOLUTIONS LTD,9874
CHEVIOT COMPANY LIMITED,9879
CUBEXTUBINGS-ROLLSETT,9881
TAMILNADU TELECOMMUNICATI,9884
SMARTLINK HOLDINGS LTD,9889
AIRAN LIMITED,9897
AXITA COTTON LIMITED,9902
NEOGEN CHEMICALS LIMITED,9917
ALANKIT LIMITED,9921
EVEREST INDUSTRIES LTD,993
VIKAS LIFECARE LIMITED,9931
ONE POINT ONE SOL LTD,9939
BHALCHANDRAM CLOTHING LTD,9985
EUROTEX INDUSTRIES LTD,999
